DATE,ALLSKY_SFC_SW_DWN,T2M
2011-10-26,1.3339,9.48
2011-10-27,1.2857,9.28
2011-10-28,1.007,10.65
2011-10-29,0.8602,11.79
2011-10-30,0.7555,12.48
2011-10-31,1.591,12.31
2011-11-01,1.5708,11.29
2011-11-02,1.133,10.65
2011-11-03,0.7265,12.72
2011-11-04,1.859,13.15
2011-11-05,1.2996,12.24
2011-11-06,0.5417,11.08
2011-11-07,0.4145,9.96
2011-11-08,0.768,8.0
2011-11-09,0.9257,8.87
2011-11-10,0.8902,6.62
2011-11-11,0.7418,6.84
2011-11-12,1.2329,5.3
2011-11-13,1.2216,4.79
2011-11-14,1.0925,3.85
2011-11-15,0.7488,2.8
2011-11-16,1.3073,2.44
2011-11-17,0.3917,3.26
2011-11-18,1.091,7.31
2011-11-19,1.141,6.32
2011-11-20,0.7159,4.59
2011-11-21,0.5345,3.06
2011-11-22,0.803,5.0
2011-11-23,0.6907,8.79
2011-11-24,0.9029,7.94
2011-11-25,0.7222,9.15
2011-11-26,0.744,9.26
2011-11-27,0.6252,10.28
2011-11-28,0.9936,5.77
2011-11-29,0.6737,6.86
2011-11-30,1.0109,7.82
2011-12-01,0.3998,8.0
2011-12-02,0.8916,5.83
2011-12-03,0.5599,7.38
2011-12-04,0.601,7.22
2011-12-05,0.6127,5.33
2011-12-06,0.5266,5.05
2011-12-07,0.5374,6.58
2011-12-08,0.2532,7.47
2011-12-09,0.6103,5.93
2011-12-10,0.7896,4.23
2011-12-11,0.4205,3.88
2011-12-12,0.792,5.87
2011-12-13,0.7548,6.95
2011-12-14,0.4454,4.35
2011-12-15,0.3737,4.74
2011-12-16,0.2616,3.66
2011-12-17,0.5875,4.87
2011-12-18,0.547,3.68
2011-12-19,0.6475,2.77
2011-12-20,0.581,5.64
2011-12-21,0.3917,5.27
2011-12-22,0.3694,8.58
2011-12-23,0.2825,8.13
2011-12-24,0.8066,6.11
2011-12-25,0.5496,8.27
2011-12-26,0.6756,9.24
2011-12-27,0.3125,7.54
2011-12-28,0.2698,5.52
2011-12-29,0.3274,6.46
2011-12-30,0.7344,5.29
2011-12-31,0.2942,6.31
2012-01-01,0.2892,9.68
2012-01-02,0.7922,6.04
2012-01-03,0.2314,6.54
2012-01-04,0.6619,6.55
2012-01-05,0.539,7.12
2012-01-06,0.7234,6.11
2012-01-07,0.5962,7.02
2012-01-08,0.6456,6.23
2012-01-09,0.3396,7.02
2012-01-10,0.569,6.19
2012-01-11,0.4596,7.69
2012-01-12,0.348,7.2
2012-01-13,0.9146,5.1
2012-01-14,0.9048,4.13
2012-01-15,0.9612,2.31
2012-01-16,1.1556,-0.22
2012-01-17,1.2199,0.96
2012-01-18,0.4409,2.1
2012-01-19,0.7162,5.15
2012-01-20,0.8074,4.42
2012-01-21,0.6751,6.54
2012-01-22,0.5974,6.38
2012-01-23,1.0133,5.11
2012-01-24,0.7339,3.76
2012-01-25,0.6614,3.18
2012-01-26,0.3646,4.22
2012-01-27,1.3258,3.89
2012-01-28,0.913,2.21
2012-01-29,0.8129,-0.97
2012-01-30,0.3694,-1.35
2012-01-31,1.4777,-3.72
2012-02-01,1.7021,-4.69
2012-02-02,1.8029,-6.18
2012-02-03,0.732,-4.51
2012-02-04,1.2847,-6.51
2012-02-05,0.9439,-5.57
2012-02-06,1.2163,-5.19
2012-02-07,1.2986,-6.39
2012-02-08,0.8417,-3.21
2012-02-09,0.6125,-3.12
2012-02-10,1.572,-5.49
2012-02-11,1.6301,-6.35
2012-02-12,0.6612,-1.45
2012-02-13,0.7505,2.68
2012-02-14,1.073,3.86
2012-02-15,1.3296,4.59
2012-02-16,1.0541,4.47
2012-02-17,1.7854,5.56
2012-02-18,0.9456,5.14
2012-02-19,2.0066,2.66
2012-02-20,2.3167,1.9
2012-02-21,1.8,4.46
2012-02-22,1.5574,5.08
2012-02-23,1.6447,7.05
2012-02-24,1.3303,5.46
2012-02-25,2.6321,5.1
2012-02-26,1.553,5.14
2012-02-27,1.1426,4.69
2012-02-28,0.6994,6.07
2012-02-29,0.9953,6.58
2012-03-01,1.129,6.94
2012-03-02,1.7419,5.55
2012-03-03,1.1657,7.12
2012-03-04,1.4609,6.44
2012-03-05,0.7171,5.1
2012-03-06,1.8905,4.34
2012-03-07,0.9151,3.55
2012-03-08,2.9011,4.94
2012-03-09,2.0506,6.21
2012-03-10,2.1533,6.92
2012-03-11,3.6814,6.87
2012-03-12,2.8486,6.48
2012-03-13,0.9158,7.16
2012-03-14,0.9374,6.54
2012-03-15,3.7915,6.68
2012-03-16,1.5989,6.83
2012-03-17,2.371,7.31
2012-03-18,1.4362,5.8
2012-03-19,4.2965,5.2
2012-03-20,3.7546,6.89
2012-03-21,4.2175,8.35
2012-03-22,4.4256,10.13
2012-03-23,4.1398,9.78
2012-03-24,3.9144,8.89
2012-03-25,4.375,7.77
2012-03-26,4.6512,8.18
2012-03-27,4.1942,8.65
2012-03-28,4.9325,8.79
2012-03-29,2.5166,7.96
2012-03-30,2.2332,7.91
2012-03-31,3.1606,6.42
2012-04-01,3.1486,5.68
2012-04-02,3.2705,7.22
2012-04-03,2.9436,8.27
2012-04-04,1.3373,6.25
2012-04-05,4.129,5.47
2012-04-06,4.3426,5.17
2012-04-07,3.2323,4.4
2012-04-08,3.6943,5.83
2012-04-09,1.8931,8.34
2012-04-10,3.9132,9.09
2012-04-11,5.0155,7.86
2012-04-12,4.5252,7.85
2012-04-13,4.7302,7.3
2012-04-14,4.8559,6.82
2012-04-15,4.2358,6.57
2012-04-16,5.1384,5.36
2012-04-17,2.5421,5.05
2012-04-18,3.8328,7.79
2012-04-19,2.8087,8.38
2012-04-20,3.7346,7.54
2012-04-21,3.7022,6.65
2012-04-22,5.0966,8.16
2012-04-23,4.0478,8.62
2012-04-24,4.0284,8.11
2012-04-25,3.5666,9.09
2012-04-26,4.6469,10.88
2012-04-27,5.286,11.38
2012-04-28,1.3433,9.37
2012-04-29,2.0623,11.29
2012-04-30,6.2635,14.11
2012-05-01,3.305,13.16
2012-05-02,5.131,13.1
2012-05-03,1.745,11.84
2012-05-04,1.7662,9.01
2012-05-05,4.0838,7.65
2012-05-06,4.8005,8.05
2012-05-07,4.9735,9.43
2012-05-08,2.7854,11.94
2012-05-09,3.8093,13.7
2012-05-10,2.6842,16.22
2012-05-11,4.9174,12.53
2012-05-12,6.1195,8.97
2012-05-13,6.7219,10.07
2012-05-14,5.1106,10.62
2012-05-15,5.0767,8.82
2012-05-16,6.2592,8.29
2012-05-17,5.1962,10.29
2012-05-18,3.6658,12.42
2012-05-19,5.7857,13.71
2012-05-20,4.4273,14.91
2012-05-21,5.6105,16.36
2012-05-22,6.6682,18.41
2012-05-23,6.5369,20.66
2012-05-24,6.9077,19.27
2012-05-25,7.8984,17.29
2012-05-26,7.4846,17.48
2012-05-27,7.4026,17.87
2012-05-28,6.1879,15.44
2012-05-29,4.6195,13.75
2012-05-30,4.9973,14.49
2012-05-31,2.2466,13.76
2012-06-01,4.4698,11.83
2012-06-02,6.6101,11.78
2012-06-03,2.2198,9.77
2012-06-04,2.8894,9.43
2012-06-05,5.9729,11.78
2012-06-06,3.6936,13.1
2012-06-07,4.5295,15.87
2012-06-08,5.8193,14.82
2012-06-09,2.569,13.0
2012-06-10,6.612,14.62
2012-06-11,4.5398,14.77
2012-06-12,3.6862,13.32
2012-06-13,5.5649,11.68
2012-06-14,6.9454,12.45
2012-06-15,3.3703,14.33
2012-06-16,6.5549,16.0
2012-06-17,6.1358,15.54
2012-06-18,3.8059,14.33
2012-06-19,6.6346,15.54
2012-06-20,6.5594,16.54
2012-06-21,3.6785,17.27
2012-06-22,5.0822,14.95
2012-06-23,6.3161,15.17
2012-06-24,2.5663,13.74
2012-06-25,4.806,14.04
2012-06-26,6.8138,15.4
2012-06-27,3.4706,16.54
2012-06-28,5.1238,20.32
2012-06-29,5.3018,17.66
2012-06-30,6.4738,17.88
2012-07-01,5.833,15.18
2012-07-02,6.5249,16.15
2012-07-03,4.4419,18.44
2012-07-04,5.4499,20.26
2012-07-05,4.5869,20.86
2012-07-06,4.1402,19.32
2012-07-07,6.2239,18.43
2012-07-08,2.7137,17.24
2012-07-09,4.4246,16.63
2012-07-10,4.6318,16.47
2012-07-11,4.7453,15.22
2012-07-12,5.4706,14.72
2012-07-13,3.6094,15.52
2012-07-14,4.2223,15.08
2012-07-15,4.9598,14.66
2012-07-16,3.2767,15.41
2012-07-17,4.0637,17.21
2012-07-18,2.5548,17.09
2012-07-19,4.4054,15.32
2012-07-20,6.2558,14.17
2012-07-21,5.375,14.22
2012-07-22,6.6914,16.34
2012-07-23,7.2007,18.72
2012-07-24,7.0202,20.52
2012-07-25,7.2523,20.76
2012-07-26,7.0834,19.07
2012-07-27,4.6505,19.31
2012-07-28,4.1376,17.71
2012-07-29,5.9609,16.39
2012-07-30,5.3777,15.14
2012-07-31,2.5738,15.65
2012-08-01,6.1438,19.58
2012-08-02,4.6092,17.87
2012-08-03,6.311,17.69
2012-08-04,5.2591,18.09
2012-08-05,4.4318,18.27
2012-08-06,4.1234,17.16
2012-08-07,3.9206,16.49
2012-08-08,5.071,17.35
2012-08-09,5.514,16.81
2012-08-10,6.251,16.7
2012-08-11,5.0578,17.0
2012-08-12,6.0142,17.83
2012-08-13,4.141,18.44
2012-08-14,4.2734,20.75
2012-08-15,5.4022,20.9
2012-08-16,5.2802,19.14
2012-08-17,4.6339,20.34
2012-08-18,5.9261,22.84
2012-08-19,5.3335,23.36
2012-08-20,3.9341,20.24
2012-08-21,4.0459,19.22
2012-08-22,4.661,17.69
2012-08-23,5.1727,17.72
2012-08-24,3.6427,17.7
2012-08-25,3.2594,17.78
2012-08-26,3.4241,16.81
2012-08-27,4.8418,17.31
2012-08-28,4.0478,17.85
2012-08-29,4.8595,17.58
2012-08-30,3.5525,16.68
2012-08-31,3.5244,14.4
2012-09-01,4.6289,15.16
2012-09-02,3.2052,16.37
2012-09-03,4.7179,17.88
2012-09-04,4.9056,17.47
2012-09-05,3.6238,15.41
2012-09-06,3.7402,15.04
2012-09-07,4.3687,17.16
2012-09-08,4.7196,18.82
2012-09-09,4.9032,18.84
2012-09-10,3.3084,18.18
2012-09-11,2.5973,15.49
2012-09-12,3.4973,13.45
2012-09-13,3.3574,13.54
2012-09-14,2.0458,14.93
2012-09-15,3.5107,14.86
2012-09-16,2.4862,15.42
2012-09-17,3.354,16.04
2012-09-18,3.1267,13.6
2012-09-19,3.0998,11.57
2012-09-20,2.1583,12.56
2012-09-21,1.8924,12.76
2012-09-22,3.7142,12.06
2012-09-23,2.6196,11.41
2012-09-24,1.4926,13.35
2012-09-25,2.7672,13.35
2012-09-26,2.5711,13.18
2012-09-27,2.1182,11.96
2012-09-28,2.5135,13.2
2012-09-29,3.1906,12.44
2012-09-30,3.1397,12.83
2012-10-01,1.5559,13.55
2012-10-02,2.4852,13.98
2012-10-03,1.9236,12.69
2012-10-04,2.585,11.46
2012-10-05,1.9519,12.36
2012-10-06,2.7386,10.72
2012-10-07,3.018,10.56
2012-10-08,2.0928,9.5
2012-10-09,2.5001,10.12
2012-10-10,2.2932,10.21
2012-10-11,3.0545,9.03
2012-10-12,1.069,11.02
2012-10-13,0.8354,9.2
2012-10-14,1.5206,9.45
2012-10-15,2.2963,10.3
2012-10-16,1.807,10.51
2012-10-17,1.1798,11.12
2012-10-18,0.7109,13.78
2012-10-19,1.9649,14.6
2012-10-20,1.014,13.29
2012-10-21,0.659,12.55
2012-10-22,1.6298,14.36
2012-10-23,1.4352,13.05
2012-10-24,0.7944,11.73
2012-10-25,1.1402,10.27
2012-10-26,1.6548,5.7
2012-10-27,2.0081,5.57
2012-10-28,1.6471,6.78
2012-10-29,0.8765,7.98
2012-10-30,1.1333,6.8
2012-10-31,1.4167,7.31
2012-11-01,0.6523,7.14
2012-11-02,0.9338,7.0
2012-11-03,0.5774,6.53
2012-11-04,0.7085,6.35
2012-11-05,1.278,7.19
2012-11-06,1.1429,7.89
2012-11-07,0.6756,10.01
2012-11-08,0.737,9.64
2012-11-09,0.523,8.48
2012-11-10,0.5282,8.86
2012-11-11,1.4208,8.07
2012-11-12,1.1114,6.64
2012-11-13,0.6187,7.94
2012-11-14,0.977,7.36
2012-11-15,0.625,2.59
2012-11-16,0.2935,2.74
2012-11-17,0.5597,5.15
2012-11-18,1.0426,6.92
2012-11-19,0.5834,5.39
2012-11-20,0.9811,8.03
2012-11-21,0.5292,5.83
2012-11-22,1.2614,6.95
2012-11-23,0.4476,6.28
2012-11-24,0.5858,5.9
2012-11-25,0.5246,8.87
2012-11-26,0.4915,6.51
2012-11-27,0.5011,6.18
2012-11-28,0.8129,5.89
2012-11-29,0.7906,4.6
2012-11-30,0.7709,3.73
2012-12-01,0.4303,4.5
2012-12-02,0.7262,3.98
2012-12-03,0.3134,3.3
2012-12-04,0.565,4.76
2012-12-05,0.7207,2.2
2012-12-06,0.7337,1.97
2012-12-07,0.2693,-0.12
2012-12-08,0.8222,0.39
2012-12-09,0.467,5.82
2012-12-10,0.4219,3.39
2012-12-11,0.827,1.29
2012-12-12,0.51,3.08
2012-12-13,0.8107,-0.95
2012-12-14,0.2834,3.2
2012-12-15,0.5009,6.38
2012-12-16,0.432,6.42
2012-12-17,0.366,5.64
2012-12-18,0.462,5.17
2012-12-19,0.409,3.4
2012-12-20,0.4802,2.7
2012-12-21,0.3005,3.7
2012-12-22,0.2242,5.31
2012-12-23,0.3926,8.74
2012-12-24,0.21,7.9
2012-12-25,0.4306,7.66
2012-12-26,0.6144,6.68
2012-12-27,0.5014,6.22
2012-12-28,0.3089,4.35
2012-12-29,0.6766,8.78
2012-12-30,0.6377,7.18
2012-12-31,0.2242,8.23
2013-01-01,0.6091,6.42
2013-01-02,0.5902,6.26
2013-01-03,0.5359,8.58
2013-01-04,0.307,8.28
2013-01-05,0.251,7.43
2013-01-06,0.8287,7.62
2013-01-07,0.2155,6.87
2013-01-08,0.3197,7.49
2013-01-09,0.3406,6.45
2013-01-10,0.7382,4.24
2013-01-11,0.695,0.52
2013-01-12,0.8105,-0.34
2013-01-13,0.9898,-1.58
2013-01-14,0.7706,-1.77
2013-01-15,0.6202,-1.98
2013-01-16,0.9365,-3.15
2013-01-17,0.6446,-3.95
2013-01-18,0.7248,-2.21
2013-01-19,0.5544,-4.07
2013-01-20,0.4994,-4.77
2013-01-21,0.3374,-2.24
2013-01-22,0.6089,-3.98
2013-01-23,0.6074,-5.01
2013-01-24,0.7255,-3.15
2013-01-25,0.8474,-3.53
2013-01-26,0.3898,-1.36
2013-01-27,0.5556,2.52
2013-01-28,1.4064,3.18
2013-01-29,0.6566,7.98
2013-01-30,0.863,8.29
2013-01-31,1.0094,6.06
2013-02-01,0.4498,3.7
2013-02-02,1.5492,3.39
2013-02-03,0.5177,3.86
2013-02-04,1.7285,6.28
2013-02-05,1.177,2.64
2013-02-06,1.7954,2.0
2013-02-07,1.5768,2.43
2013-02-08,1.4918,0.67
2013-02-09,1.0486,0.63
2013-02-10,1.6985,-0.87
2013-02-11,1.4606,-1.83
2013-02-12,1.6106,-1.09
2013-02-13,1.4234,-0.97
2013-02-14,0.5611,-1.56
2013-02-15,1.6099,2.65
2013-02-16,1.1719,2.7
2013-02-17,1.9322,1.27
2013-02-18,1.6409,1.43
2013-02-19,1.0418,1.82
2013-02-20,1.9322,-0.66
2013-02-21,1.8722,-1.0
2013-02-22,1.8569,-1.29
2013-02-23,1.0882,-0.97
2013-02-24,0.7354,0.6
2013-02-25,0.8496,1.62
2013-02-26,1.1748,1.82
2013-02-27,1.7309,1.07
2013-02-28,1.5362,1.63
2013-03-01,1.1066,2.76
2013-03-02,1.4429,2.41
2013-03-03,1.5974,2.99
2013-03-04,3.5352,2.87
2013-03-05,3.3259,5.49
2013-03-06,2.1362,7.48
2013-03-07,1.5946,5.21
2013-03-08,1.8396,6.63
2013-03-09,0.7447,3.25
2013-03-10,1.2146,0.09
2013-03-11,1.8442,-2.22
2013-03-12,3.5959,-1.92
2013-03-13,3.2856,0.54
2013-03-14,3.2676,-0.06
2013-03-15,1.7604,0.43
2013-03-16,1.9529,2.52
2013-03-17,2.1238,3.33
2013-03-18,3.1591,3.99
2013-03-19,1.8756,1.88
2013-03-20,1.9166,0.26
2013-03-21,3.271,0.76
2013-03-22,2.7326,0.19
2013-03-23,3.2059,-1.41
2013-03-24,3.4128,-1.56
2013-03-25,3.9108,-0.49
2013-03-26,4.5478,-0.21
2013-03-27,4.6493,-0.01
2013-03-28,2.899,-0.13
2013-03-29,2.8368,0.15
2013-03-30,3.4709,0.5
2013-03-31,3.097,0.84
2013-04-01,4.8775,1.43
2013-04-02,5.2728,1.84
2013-04-03,4.6006,2.05
2013-04-04,2.3146,2.39
2013-04-05,4.0025,2.71
2013-04-06,4.787,3.05
2013-04-07,4.8058,3.04
2013-04-08,4.327,4.07
2013-04-09,3.4097,5.09
2013-04-10,2.0268,5.32
2013-04-11,1.5154,5.21
2013-04-12,2.5673,6.97
2013-04-13,3.8431,7.97
2013-04-14,3.617,12.82
2013-04-15,4.1496,10.54
2013-04-16,3.4829,9.52
2013-04-17,3.2966,11.93
2013-04-18,5.9004,10.2
2013-04-19,4.1165,7.29
2013-04-20,6.3636,6.13
2013-04-21,5.0755,6.99
2013-04-22,5.6028,7.94
2013-04-23,4.1482,9.57
2013-04-24,5.129,10.9
2013-04-25,4.0087,12.38
2013-04-26,1.6507,7.15
2013-04-27,5.6268,5.99
2013-04-28,6.3007,7.35
2013-04-29,5.5932,7.69
2013-04-30,5.5622,8.33
2013-05-01,6.803,9.08
2013-05-02,4.1136,10.24
2013-05-03,6.0365,11.47
2013-05-04,6.1968,10.34
2013-05-05,6.4891,11.18
2013-05-06,6.313,13.55
2013-05-07,5.0333,14.79
2013-05-08,3.4661,14.16
2013-05-09,6.5059,11.54
2013-05-10,4.4354,11.4
2013-05-11,3.9427,10.79
2013-05-12,4.4678,9.6
2013-05-13,3.6137,10.45
2013-05-14,4.6579,9.4
2013-05-15,4.9603,11.13
2013-05-16,1.8533,9.86
2013-05-17,1.974,9.69
2013-05-18,2.7974,9.72
2013-05-19,4.3579,10.33
2013-05-20,1.625,11.9
2013-05-21,1.1993,10.74
2013-05-22,4.9229,9.25
2013-05-23,5.2546,6.24
2013-05-24,4.3934,7.27
2013-05-25,4.1234,8.95
2013-05-26,4.2302,9.84
2013-05-27,7.3548,12.05
2013-05-28,7.5962,13.84
2013-05-29,3.9216,12.28
2013-05-30,3.6972,13.02
2013-05-31,6.4951,12.78
2013-06-01,2.8262,10.75
2013-06-02,7.7357,11.56
2013-06-03,5.6479,10.91
2013-06-04,7.5425,13.6
2013-06-05,7.3829,14.36
2013-06-06,6.8738,15.61
2013-06-07,7.4592,15.32
2013-06-08,6.8292,13.16
2013-06-09,3.7603,12.57
2013-06-10,4.0399,12.47
2013-06-11,5.6719,15.1
2013-06-12,4.0286,16.61
2013-06-13,4.3075,15.43
2013-06-14,5.7936,14.38
2013-06-15,6.1073,13.6
2013-06-16,5.729,14.06
2013-06-17,5.0462,15.97
2013-06-18,5.8378,20.18
2013-06-19,3.6086,18.07
2013-06-20,2.5613,17.89
2013-06-21,1.4657,15.47
2013-06-22,3.108,15.46
2013-06-23,4.4186,14.66
2013-06-24,3.7507,13.59
2013-06-25,6.8371,13.36
2013-06-26,5.489,13.37
2013-06-27,4.3025,12.42
2013-06-28,2.9964,14.1
2013-06-29,5.8238,13.7
2013-06-30,5.8507,15.87
2013-07-01,4.68,15.32
2013-07-02,5.1209,16.07
2013-07-03,2.9261,15.98
2013-07-04,5.3335,17.17
2013-07-05,6.5414,17.25
2013-07-06,7.4254,17.79
2013-07-07,7.7815,18.07
2013-07-08,7.5077,18.09
2013-07-09,7.7162,17.24
2013-07-10,3.6113,16.47
2013-07-11,3.9535,15.37
2013-07-12,3.8256,15.81
2013-07-13,5.3035,16.68
2013-07-14,5.2274,16.83
2013-07-15,7.477,18.09
2013-07-16,5.6429,18.56
2013-07-17,6.2832,19.29
2013-07-18,7.1203,19.59
2013-07-19,7.3231,19.48
2013-07-20,4.0073,19.07
2013-07-21,7.2917,21.25
2013-07-22,6.6485,23.35
2013-07-23,6.1529,23.88
2013-07-24,3.7553,19.69
2013-07-25,4.9051,20.45
2013-07-26,3.7498,20.44
2013-07-27,2.695,21.07
2013-07-28,5.5066,19.92
2013-07-29,6.102,18.98
2013-07-30,3.6216,18.01
2013-07-31,4.1909,18.72
2013-08-01,6.9276,22.71
2013-08-02,5.9491,24.02
2013-08-03,6.2554,19.19
2013-08-04,6.3216,19.5
2013-08-05,5.9863,21.49
2013-08-06,5.1857,18.19
2013-08-07,1.9793,16.75
2013-08-08,6.0893,17.41
2013-08-09,4.031,17.56
2013-08-10,4.5526,16.1
2013-08-11,4.8166,17.02
2013-08-12,4.7004,16.11
2013-08-13,5.088,15.1
2013-08-14,6.0166,16.37
2013-08-15,3.4176,17.05
2013-08-16,4.0817,18.68
2013-08-17,4.5384,18.8
2013-08-18,4.8319,18.27
2013-08-19,4.3838,16.52
2013-08-20,4.3133,17.04
2013-08-21,4.6675,17.5
2013-08-22,3.0223,17.44
2013-08-23,5.4955,19.31
2013-08-24,3.5635,18.04
2013-08-25,3.4692,18.33
2013-08-26,5.6016,17.5
2013-08-27,5.3182,17.48
2013-08-28,4.542,18.37
2013-08-29,4.7326,17.38
2013-08-30,4.0202,17.9
2013-08-31,4.6385,16.92
2013-09-01,2.8368,15.37
2013-09-02,2.6165,17.09
2013-09-03,4.0709,18.41
2013-09-04,4.4585,18.81
2013-09-05,5.1571,20.56
2013-09-06,3.444,19.83
2013-09-07,2.0002,17.05
2013-09-08,3.6014,15.29
2013-09-09,3.455,13.78
2013-09-10,2.5524,13.68
2013-09-11,3.4152,15.17
2013-09-12,3.3214,14.99
2013-09-13,2.0057,15.42
2013-09-14,1.4825,14.93
2013-09-15,2.9306,13.6
2013-09-16,3.5813,12.24
2013-09-17,2.7622,11.4
2013-09-18,2.9165,11.35
2013-09-19,2.1533,12.65
2013-09-20,2.4545,13.64
2013-09-21,2.3554,14.28
2013-09-22,2.7242,16.06
2013-09-23,2.1919,15.46
2013-09-24,1.805,14.87
2013-09-25,1.7198,14.5
2013-09-26,2.6568,12.82
2013-09-27,3.9734,11.07
2013-09-28,3.9478,11.55
2013-09-29,3.7934,11.6
2013-09-30,3.571,10.49
2013-10-01,3.8124,9.9
2013-10-02,2.76,9.8
2013-10-03,3.0521,11.16
2013-10-04,2.2411,14.9
2013-10-05,1.9238,14.14
2013-10-06,2.7202,13.38
2013-10-07,3.007,13.18
2013-10-08,2.1065,13.77
2013-10-09,1.4477,13.02
2013-10-10,1.9231,9.98
2013-10-11,0.3934,10.82
2013-10-12,1.5648,8.84
2013-10-13,0.7224,8.2
2013-10-14,0.8153,9.9
2013-10-15,1.193,9.66
2013-10-16,1.5338,10.95
2013-10-17,1.7676,12.16
2013-10-18,1.3771,11.44
2013-10-19,1.3411,11.93
2013-10-20,1.7465,13.46
2013-10-21,1.3442,13.54
2013-10-22,1.8818,15.67
2013-10-23,1.4038,14.69
2013-10-24,2.478,11.75
2013-10-25,0.4778,13.11
2013-10-26,1.7227,14.54
2013-10-27,1.3567,13.8
2013-10-28,1.0898,13.16
2013-10-29,1.3118,10.61
2013-10-30,1.8485,10.08
2013-10-31,0.8731,9.56
2013-11-01,0.7476,10.92
2013-11-02,0.6588,10.02
2013-11-03,1.4242,9.83
2013-11-04,0.7464,8.1
2013-11-05,0.4579,7.66
2013-11-06,0.7486,10.01
2013-11-07,0.935,10.44
2013-11-08,0.9972,8.07
2013-11-09,1.2127,7.62
2013-11-10,1.2288,6.77
2013-11-11,0.8537,6.95
2013-11-12,0.4618,7.37
2013-11-13,1.4196,7.41
2013-11-14,0.6149,6.97
2013-11-15,1.2912,7.91
2013-11-16,0.7524,7.41
2013-11-17,0.5174,7.8
2013-11-18,0.438,5.97
2013-11-19,0.6554,6.45
2013-11-20,0.6358,3.11
2013-11-21,1.123,2.31
2013-11-22,0.6427,4.39
2013-11-23,0.9926,5.07
2013-11-24,0.611,6.63
2013-11-25,0.8069,5.77
2013-11-26,0.487,5.68
2013-11-27,0.5402,7.07
2013-11-28,0.6329,7.9
2013-11-29,0.3072,7.27
2013-11-30,0.7246,6.84
2013-12-01,0.5122,6.57
2013-12-02,0.9154,4.32
2013-12-03,0.661,2.77
2013-12-04,0.3706,5.92
2013-12-05,0.2057,5.68
2013-12-06,0.6492,4.84
2013-12-07,0.4423,5.61
2013-12-08,0.4325,7.91
2013-12-09,0.5652,8.37
2013-12-10,1.043,3.83
2013-12-11,1.0003,1.66
2013-12-12,0.858,1.8
2013-12-13,0.5849,2.25
2013-12-14,0.773,5.58
2013-12-15,0.4824,6.55
2013-12-16,0.5131,6.79
2013-12-17,0.3125,5.76
2013-12-18,0.6146,6.23
2013-12-19,0.7104,6.22
2013-12-20,0.8611,5.29
2013-12-21,0.2688,6.21
2013-12-22,0.3998,7.23
2013-12-23,0.5374,6.62
2013-12-24,0.1282,9.01
2013-12-25,0.8146,5.35
2013-12-26,0.3343,4.51
2013-12-27,0.2059,6.33
2013-12-28,0.8746,5.83
2013-12-29,0.8155,5.04
2013-12-30,0.5405,4.34
2013-12-31,0.5309,5.07
2014-01-01,0.5808,5.67
2014-01-02,0.5604,7.32
2014-01-03,0.4507,7.66
2014-01-04,0.546,6.5
2014-01-05,0.9432,5.56
2014-01-06,0.5446,9.07
2014-01-07,0.529,9.06
2014-01-08,0.6473,7.54
2014-01-09,0.4147,8.05
2014-01-10,0.8952,6.23
2014-01-11,0.6538,5.27
2014-01-12,1.1002,2.98
2014-01-13,0.8734,5.66
2014-01-14,0.4534,4.53
2014-01-15,0.3336,3.56
2014-01-16,0.3398,5.82
2014-01-17,0.654,6.37
2014-01-18,0.7946,5.93
2014-01-19,0.72,4.68
2014-01-20,0.2585,2.62
2014-01-21,0.4966,2.77
2014-01-22,0.6322,2.36
2014-01-23,0.3288,2.76
2014-01-24,0.7073,3.67
2014-01-25,0.4956,2.87
2014-01-26,0.6878,4.58
2014-01-27,0.7658,3.51
2014-01-28,0.9991,3.5
2014-01-29,0.8362,-0.36
2014-01-30,0.9571,-0.15
2014-01-31,1.2989,2.13
2014-02-01,0.7066,4.52
2014-02-02,1.4525,3.87
2014-02-03,1.877,3.07
2014-02-04,1.5269,4.0
2014-02-05,1.5535,5.39
2014-02-06,1.2406,5.9
2014-02-07,0.4874,6.63
2014-02-08,0.6523,5.25
2014-02-09,0.7032,4.88
2014-02-10,1.0246,3.89
2014-02-11,1.2338,4.63
2014-02-12,1.4806,4.59
2014-02-13,0.9442,4.61
2014-02-14,1.2828,4.54
2014-02-15,1.6999,8.53
2014-02-16,1.812,5.27
2014-02-17,1.3644,4.96
2014-02-18,1.1198,5.5
2014-02-19,1.4695,6.47
2014-02-20,0.7138,6.84
2014-02-21,2.0222,5.95
2014-02-22,1.9512,5.47
2014-02-23,1.8242,6.26
2014-02-24,2.2961,6.45
2014-02-25,1.2686,7.22
2014-02-26,2.663,5.57
2014-02-27,1.1201,4.71
2014-02-28,1.6894,4.82
2014-03-01,1.5494,4.73
2014-03-02,2.8495,4.8
2014-03-03,1.1921,3.88
2014-03-04,2.5306,4.74
2014-03-05,3.1034,6.4
2014-03-06,2.5152,6.24
2014-03-07,1.8307,6.39
2014-03-08,3.0065,7.36
2014-03-09,3.6943,9.06
2014-03-10,3.3782,8.24
2014-03-11,3.3744,7.61
2014-03-12,3.817,6.97
2014-03-13,3.4908,7.57
2014-03-14,1.9682,5.94
2014-03-15,2.8481,8.46
2014-03-16,3.0168,9.3
2014-03-17,1.991,8.89
2014-03-18,1.973,8.94
2014-03-19,3.7078,9.64
2014-03-20,4.3886,11.04
2014-03-21,1.8943,7.12
2014-03-22,3.0242,6.26
2014-03-23,3.366,5.65
2014-03-24,4.1702,5.88
2014-03-25,4.0075,4.92
2014-03-26,2.9201,4.67
2014-03-27,4.0205,7.29
2014-03-28,4.2655,8.88
2014-03-29,4.4246,10.0
2014-03-30,3.7987,11.56
2014-03-31,3.5117,11.67
2014-04-01,3.943,11.1
2014-04-02,3.8345,12.47
2014-04-03,4.2658,13.24
2014-04-04,0.8585,11.74
2014-04-05,4.1911,11.44
2014-04-06,1.8094,12.5
2014-04-07,2.6935,13.92
2014-04-08,3.4082,9.05
2014-04-09,4.4239,9.73
2014-04-10,2.9513,10.58
2014-04-11,4.6752,10.1
2014-04-12,4.3356,9.77
2014-04-13,4.4402,9.71
2014-04-14,4.3862,8.74
2014-04-15,4.0783,7.35
2014-04-16,6.0878,8.51
2014-04-17,4.0183,9.61
2014-04-18,3.937,8.18
2014-04-19,5.7998,10.05
2014-04-20,5.1907,13.47
2014-04-21,2.0441,11.45
2014-04-22,4.5502,12.26
2014-04-23,5.0117,13.41
2014-04-24,3.7606,13.56
2014-04-25,4.8586,15.17
2014-04-26,4.7328,13.49
2014-04-27,2.0525,11.06
2014-04-28,3.1699,12.05
2014-04-29,2.711,12.95
2014-04-30,3.9394,12.51
2014-05-01,3.553,12.15
2014-05-02,3.6163,9.94
2014-05-03,5.9071,9.1
2014-05-04,4.818,9.34
2014-05-05,6.1874,11.67
2014-05-06,3.9996,13.15
2014-05-07,4.7849,12.33
2014-05-08,2.0138,12.14
2014-05-09,3.8755,12.41
2014-05-10,2.1206,11.65
2014-05-11,2.7874,10.77
2014-05-12,4.6627,10.59
2014-05-13,6.3866,10.43
2014-05-14,5.1912,10.03
2014-05-15,6.4097,10.85
2014-05-16,7.0603,12.17
2014-05-17,7.0682,13.96
2014-05-18,7.1767,15.44
2014-05-19,7.2406,16.99
2014-05-20,5.6995,18.28
2014-05-21,4.0822,17.21
2014-05-22,6.0996,17.37
2014-05-23,4.8314,15.93
2014-05-24,4.799,15.26
2014-05-25,6.4562,15.49
2014-05-26,3.3845,16.76
2014-05-27,2.7118,15.78
2014-05-28,1.5962,13.29
2014-05-29,2.5214,11.48
2014-05-30,5.8394,12.92
2014-05-31,7.6133,13.47
2014-06-01,6.5966,13.55
2014-06-02,6.8626,14.73
2014-06-03,5.5397,15.84
2014-06-04,3.396,14.61
2014-06-05,3.9682,12.94
2014-06-06,7.7945,16.01
2014-06-07,5.2349,18.75
2014-06-08,5.6616,17.98
2014-06-09,5.6702,19.65
2014-06-10,5.1355,18.66
2014-06-11,7.5298,16.69
2014-06-12,7.493,17.33
2014-06-13,6.912,16.74
2014-06-14,5.3309,15.33
2014-06-15,5.7502,15.36
2014-06-16,3.979,15.16
2014-06-17,4.8161,15.04
2014-06-18,4.5986,15.49
2014-06-19,2.5387,14.74
2014-06-20,4.8487,14.44
2014-06-21,5.5663,15.11
2014-06-22,6.425,15.14
2014-06-23,6.2834,16.03
2014-06-24,4.9222,15.4
2014-06-25,6.312,14.53
2014-06-26,6.787,16.36
2014-06-27,3.8215,16.06
2014-06-28,5.3813,16.25
2014-06-29,6.083,14.95
2014-06-30,5.4862,14.12
2014-07-01,7.1323,14.45
2014-07-02,6.6804,15.62
2014-07-03,7.4311,17.7
2014-07-04,6.1956,20.34
2014-07-05,3.5933,18.88
2014-07-06,3.1942,18.43
2014-07-07,6.6689,17.83
2014-07-08,1.8929,15.92
2014-07-09,1.7316,16.37
2014-07-10,6.605,20.63
2014-07-11,5.9642,20.97
2014-07-12,6.349,19.4
2014-07-13,4.7611,18.25
2014-07-14,4.4722,17.91
2014-07-15,3.7104,17.77
2014-07-16,7.067,19.86
2014-07-17,6.8719,20.6
2014-07-18,6.721,22.85
2014-07-19,5.844,23.65
2014-07-20,4.1935,21.19
2014-07-21,1.3058,19.5
2014-07-22,6.9686,21.64
2014-07-23,7.3219,22.05
2014-07-24,6.5731,21.08
2014-07-25,2.316,19.35
2014-07-26,5.467,21.2
2014-07-27,4.9673,20.0
2014-07-28,3.0374,20.07
2014-07-29,4.9315,20.76
2014-07-30,5.4094,18.33
2014-07-31,5.8565,19.6
2014-08-01,5.7643,20.58
2014-08-02,4.0147,20.81
2014-08-03,6.2054,19.72
2014-08-04,5.6635,19.43
2014-08-05,5.7461,19.52
2014-08-06,2.4874,17.93
2014-08-07,5.4588,19.04
2014-08-08,3.391,18.96
2014-08-09,5.5262,18.74
2014-08-10,2.328,18.31
2014-08-11,5.652,17.45
2014-08-12,4.8468,16.32
2014-08-13,5.1497,16.48
2014-08-14,4.7117,16.5
2014-08-15,4.7825,15.44
2014-08-16,3.3173,15.73
2014-08-17,2.1857,16.08
2014-08-18,3.4968,14.61
2014-08-19,3.5198,13.38
2014-08-20,3.7944,13.39
2014-08-21,4.265,14.12
2014-08-22,2.5831,13.7
2014-08-23,3.9955,13.26
2014-08-24,4.4503,13.35
2014-08-25,2.1636,13.28
2014-08-26,4.1928,13.68
2014-08-27,5.5829,15.38
2014-08-28,3.1003,16.52
2014-08-29,4.723,17.14
2014-08-30,3.5844,16.44
2014-08-31,3.99,15.23
2014-09-01,4.1402,16.04
2014-09-02,4.249,16.65
2014-09-03,4.9121,16.68
2014-09-04,4.884,17.5
2014-09-05,2.6813,18.45
2014-09-06,1.5869,17.21
2014-09-07,3.5184,16.53
2014-09-08,4.8182,15.09
2014-09-09,2.0786,15.21
2014-09-10,2.9042,15.31
2014-09-11,4.0138,16.51
2014-09-12,4.4405,16.04
2014-09-13,3.8016,16.59
2014-09-14,3.7997,16.08
2014-09-15,3.8261,16.53
2014-09-16,3.3557,18.11
2014-09-17,4.326,18.22
2014-09-18,4.2492,18.36
2014-09-19,3.2498,18.45
2014-09-20,2.3131,17.91
2014-09-21,3.072,15.66
2014-09-22,2.939,14.42
2014-09-23,2.0954,14.47
2014-09-24,1.7885,14.02
2014-09-25,2.5454,14.4
2014-09-26,2.0422,16.14
2014-09-27,2.717,15.78
2014-09-28,2.741,15.25
2014-09-29,1.7741,16.51
2014-09-30,1.9512,16.01
2014-10-01,2.065,16.15
2014-10-02,1.9841,15.96
2014-10-03,3.4378,15.94
2014-10-04,3.0326,15.37
2014-10-05,2.262,13.36
2014-10-06,0.8522,13.1
2014-10-07,2.0242,12.8
2014-10-08,0.8878,12.81
2014-10-09,2.3611,14.55
2014-10-10,2.6515,13.27
2014-10-11,1.3409,12.29
2014-10-12,2.4689,13.02
2014-10-13,1.265,13.8
2014-10-14,0.7656,12.24
2014-10-15,1.8098,13.65
2014-10-16,1.8451,13.21
2014-10-17,1.9255,14.25
2014-10-18,2.1446,16.01
2014-10-19,1.2336,16.03
2014-10-20,1.783,14.21
2014-10-21,0.8186,11.88
2014-10-22,1.6001,10.92
2014-10-23,1.0661,12.41
2014-10-24,0.7579,11.19
2014-10-25,1.1707,12.28
2014-10-26,0.9898,13.05
2014-10-27,1.9354,12.72
2014-10-28,1.2948,9.41
2014-10-29,0.7442,10.92
2014-10-30,0.7687,11.66
2014-10-31,1.3661,12.65
2014-11-01,1.8838,13.24
2014-11-02,1.6394,13.29
2014-11-03,0.7514,11.77
2014-11-04,1.0025,8.15
2014-11-05,0.8707,7.6
2014-11-06,0.9118,6.74
2014-11-07,0.473,7.13
2014-11-08,1.5108,9.21
2014-11-09,1.116,9.48
2014-11-10,1.3778,9.04
2014-11-11,1.344,8.86
2014-11-12,0.6643,8.66
2014-11-13,1.5355,8.37
2014-11-14,0.8244,9.23
2014-11-15,0.2278,8.97
2014-11-16,0.2261,8.63
2014-11-17,0.9756,7.97
2014-11-18,0.3737,7.32
2014-11-19,0.336,7.68
2014-11-20,0.5131,6.35
2014-11-21,1.1885,5.24
2014-11-22,0.8275,7.37
2014-11-23,0.8081,9.5
2014-11-24,1.0555,7.9
2014-11-25,0.7752,5.74
2014-11-26,0.587,4.3
2014-11-27,0.4186,6.21
2014-11-28,0.637,5.78
2014-11-29,0.7742,2.54
2014-11-30,0.2026,1.71
2014-12-01,0.2119,1.54
2014-12-02,0.3127,0.72
2014-12-03,0.3038,-0.09
2014-12-04,0.4008,0.09
2014-12-05,0.3629,2.92
2014-12-06,0.8472,5.4
2014-12-07,0.2002,4.73
2014-12-08,0.5762,4.76
2014-12-09,0.587,4.67
2014-12-10,0.84,6.43
2014-12-11,0.5556,6.47
2014-12-12,0.203,7.05
2014-12-13,0.6031,4.95
2014-12-14,0.8086,2.67
2014-12-15,0.5014,5.16
2014-12-16,0.5849,4.92
2014-12-17,0.3994,6.91
2014-12-18,0.2033,9.91
2014-12-19,0.66,8.46
2014-12-20,0.4226,7.16
2014-12-21,0.2143,7.35
2014-12-22,0.2266,10.26
2014-12-23,0.5753,9.57
2014-12-24,0.5638,7.95
2014-12-25,0.7066,6.2
2014-12-26,0.6262,3.89
2014-12-27,0.2592,0.9
2014-12-28,0.955,0.75
2014-12-29,0.6319,4.23
2014-12-30,0.3079,4.83
2014-12-31,0.8695,4.6
2015-01-01,0.3449,2.57
2015-01-02,0.9595,6.66
2015-01-03,0.3386,4.75
2015-01-04,0.8902,4.13
2015-01-05,0.3528,2.78
2015-01-06,0.5407,2.49
2015-01-07,0.8438,3.78
2015-01-08,0.2897,5.68
2015-01-09,0.3468,8.57
2015-01-10,0.4003,8.35
2015-01-11,0.6638,5.63
2015-01-12,0.3715,8.23
2015-01-13,0.3617,7.72
2015-01-14,0.5623,3.9
2015-01-15,0.2851,6.59
2015-01-16,0.9053,4.82
2015-01-17,1.183,2.47
2015-01-18,0.239,1.39
2015-01-19,0.9067,1.71
2015-01-20,0.7553,-0.12
2015-01-21,0.8136,-0.72
2015-01-22,0.7318,-1.36
2015-01-23,0.8438,-1.23
2015-01-24,1.2492,2.15
2015-01-25,0.6854,3.4
2015-01-26,0.4934,4.49
2015-01-27,1.0526,4.51
2015-01-28,0.3535,4.32
2015-01-29,0.7238,2.54
2015-01-30,1.1712,1.39
2015-01-31,1.2425,1.32
2015-02-01,0.9521,2.66
2015-02-02,1.3488,2.27
2015-02-03,1.6685,1.53
2015-02-04,1.5077,0.95
2015-02-05,1.2607,0.11
2015-02-06,1.9375,-0.22
2015-02-07,1.0356,3.18
2015-02-08,1.3788,4.45
2015-02-09,0.9595,4.91
2015-02-10,0.6667,4.9
2015-02-11,0.539,3.55
2015-02-12,0.5935,1.87
2015-02-13,2.0503,4.03
2015-02-14,1.1465,5.19
2015-02-15,1.7558,1.68
2015-02-16,1.9102,1.5
2015-02-17,1.8593,3.41
2015-02-18,2.5037,3.04
2015-02-19,2.0681,2.51
2015-02-20,0.7385,3.5
2015-02-21,1.2698,2.44
2015-02-22,2.2939,3.07
2015-02-23,2.4926,4.36
2015-02-24,1.9663,4.83
2015-02-25,1.4045,3.66
2015-02-26,1.1568,5.04
2015-02-27,2.6743,4.23
2015-02-28,2.5805,3.99
2015-03-01,2.6842,6.84
2015-03-02,2.1281,4.95
2015-03-03,1.1525,3.88
2015-03-04,1.9358,4.81
2015-03-05,2.5157,5.02
2015-03-06,1.8288,6.06
2015-03-07,2.5051,6.25
2015-03-08,3.5429,6.58
2015-03-09,2.255,7.38
2015-03-10,3.677,6.35
2015-03-11,3.588,4.97
2015-03-12,4.033,4.85
2015-03-13,3.5854,3.83
2015-03-14,1.2934,3.89
2015-03-15,1.2802,5.19
2015-03-16,2.9736,5.85
2015-03-17,3.4442,8.02
2015-03-18,1.7472,6.24
2015-03-19,3.2066,7.24
2015-03-20,2.0767,5.18
2015-03-21,2.6719,6.08
2015-03-22,3.7195,3.76
2015-03-23,2.8927,3.95
2015-03-24,2.7768,5.33
2015-03-25,1.3814,5.08
2015-03-26,1.6687,4.8
2015-03-27,2.748,5.97
2015-03-28,1.4546,6.19
2015-03-29,1.177,8.02
2015-03-30,3.948,6.2
2015-03-31,3.8554,7.68
2015-04-01,3.522,6.25
2015-04-02,4.0142,5.55
2015-04-03,3.4735,6.3
2015-04-04,3.425,4.71
2015-04-05,5.0261,5.52
2015-04-06,3.1937,7.8
2015-04-07,3.3113,6.67
2015-04-08,3.3857,8.17
2015-04-09,4.9622,9.88
2015-04-10,3.971,11.39
2015-04-11,2.1823,8.58
2015-04-12,5.1994,9.33
2015-04-13,5.0638,7.6
2015-04-14,5.2934,9.64
2015-04-15,5.8721,10.97
2015-04-16,4.3046,8.59
2015-04-17,4.278,7.93
2015-04-18,6.0329,8.3
2015-04-19,4.4842,8.22
2015-04-20,6.2762,9.21
2015-04-21,6.0089,9.24
2015-04-22,3.1068,8.36
2015-04-23,5.5699,9.04
2015-04-24,5.5848,10.92
2015-04-25,2.5781,11.1
2015-04-26,2.2094,9.05
2015-04-27,6.2854,7.25
2015-04-28,5.3165,6.4
2015-04-29,3.9917,8.66
2015-04-30,5.8493,8.43
2015-05-01,5.6873,7.5
2015-05-02,6.0734,9.29
2015-05-03,2.2762,11.2
2015-05-04,4.9522,13.49
2015-05-05,5.0443,14.16
2015-05-06,5.1077,11.73
2015-05-07,5.9064,11.51
2015-05-08,5.0472,13.02
2015-05-09,3.899,12.41
2015-05-10,6.3852,12.45
2015-05-11,6.2052,14.69
2015-05-12,5.3959,12.73
2015-05-13,6.6751,11.53
2015-05-14,5.0729,10.74
2015-05-15,5.0386,9.47
2015-05-16,3.8254,10.46
2015-05-17,6.0374,11.51
2015-05-18,2.1127,10.63
2015-05-19,5.5406,10.2
2015-05-20,6.0542,9.69
2015-05-21,6.5462,11.55
2015-05-22,5.1574,13.16
2015-05-23,5.227,11.12
2015-05-24,7.4832,11.6
2015-05-25,4.4434,11.44
2015-05-26,5.5954,10.73
2015-05-27,5.4574,12.16
2015-05-28,5.2438,12.27
2015-05-29,3.0895,11.41
2015-05-30,6.4903,10.76
2015-05-31,2.1041,12.14
2015-06-01,6.4344,11.82
2015-06-02,1.3666,14.27
2015-06-03,6.4286,14.0
2015-06-04,7.8574,15.07
2015-06-05,5.7012,18.61
2015-06-06,8.3083,14.55
2015-06-07,8.1384,13.4
2015-06-08,6.9022,12.51
2015-06-09,4.2842,12.22
2015-06-10,6.7152,14.61
2015-06-11,7.7539,15.91
2015-06-12,7.0025,18.24
2015-06-13,2.5171,16.19
2015-06-14,1.7945,14.27
2015-06-15,7.1851,12.64
2015-06-16,5.7041,12.93
2015-06-17,5.1814,15.13
2015-06-18,5.3662,13.75
2015-06-19,4.5662,12.89
2015-06-20,4.2492,13.19
2015-06-21,3.3907,14.26
2015-06-22,4.9958,12.7
2015-06-23,2.3503,12.82
2015-06-24,6.0732,15.16
2015-06-25,6.5815,17.08
2015-06-26,4.453,17.9
2015-06-27,6.937,16.63
2015-06-28,3.3091,16.58
2015-06-29,6.9305,17.19
2015-06-30,7.651,19.08
2015-07-01,7.6387,22.04
2015-07-02,6.1346,21.9
2015-07-03,6.9876,21.95
2015-07-04,6.5935,21.72
2015-07-05,3.8726,18.87
2015-07-06,7.219,18.05
2015-07-07,4.4494,18.93
2015-07-08,4.8725,16.01
2015-07-09,6.1267,13.99
2015-07-10,7.4902,17.06
2015-07-11,6.7006,18.64
2015-07-12,3.1404,17.78
2015-07-13,2.6513,17.53
2015-07-14,3.673,17.66
2015-07-15,2.6808,17.12
2015-07-16,6.8762,17.97
2015-07-17,5.9638,19.69
2015-07-18,6.834,17.42
2015-07-19,3.8304,16.34
2015-07-20,4.337,18.32
2015-07-21,7.4455,19.01
2015-07-22,5.8498,18.28
2015-07-23,6.3346,17.07
2015-07-24,3.6439,18.35
2015-07-25,2.1763,15.92
2015-07-26,4.2192,15.36
2015-07-27,3.6744,16.42
2015-07-28,3.629,15.87
2015-07-29,4.5398,14.26
2015-07-30,5.3458,13.93
2015-07-31,5.8114,14.56
2015-08-01,6.0379,15.55
2015-08-02,6.1068,17.6
2015-08-03,6.7918,19.55
2015-08-04,3.876,17.65
2015-08-05,5.6376,18.35
2015-08-06,6.1795,19.25
2015-08-07,6.3197,19.2
2015-08-08,6.6365,17.87
2015-08-09,6.0482,18.18
2015-08-10,4.6685,19.51
2015-08-11,3.9146,18.94
2015-08-12,3.1135,18.38
2015-08-13,5.7622,20.69
2015-08-14,3.8666,20.69
2015-08-15,2.8843,18.1
2015-08-16,2.903,16.1
2015-08-17,1.2823,15.84
2015-08-18,1.693,15.95
2015-08-19,4.4443,17.19
2015-08-20,5.5913,18.57
2015-08-21,4.2115,19.7
2015-08-22,5.2152,19.74
2015-08-23,5.4091,19.15
2015-08-24,3.3542,18.09
2015-08-25,4.2691,16.79
2015-08-26,3.6216,19.27
2015-08-27,1.6841,15.96
2015-08-28,5.1811,16.27
2015-08-29,4.5278,17.11
2015-08-30,4.2838,19.03
2015-08-31,2.4677,19.52
2015-09-01,3.7178,15.54
2015-09-02,4.0181,14.04
2015-09-03,2.759,12.88
2015-09-04,2.2517,14.54
2015-09-05,3.5501,13.99
2015-09-06,3.1606,13.92
2015-09-07,3.3074,14.9
2015-09-08,2.8154,14.55
2015-09-09,4.7153,14.37
2015-09-10,4.4057,13.97
2015-09-11,4.6541,13.94
2015-09-12,2.0114,14.51
2015-09-13,3.0024,15.24
2015-09-14,2.6275,15.08
2015-09-15,1.8557,12.57
2015-09-16,1.4662,14.5
2015-09-17,1.7878,14.41
2015-09-18,2.9006,14.02
2015-09-19,3.2225,13.59
2015-09-20,2.6342,14.2
2015-09-21,2.4221,14.76
2015-09-22,2.4653,12.99
2015-09-23,2.8114,13.34
2015-09-24,1.2288,13.45
2015-09-25,3.4644,12.97
2015-09-26,3.5525,12.85
2015-09-27,3.3134,12.56
2015-09-28,2.4667,12.64
2015-09-29,3.7188,12.07
2015-09-30,3.6624,12.11
2015-10-01,3.7982,11.61
2015-10-02,3.882,11.23
2015-10-03,2.7588,11.12
2015-10-04,2.6935,12.37
2015-10-05,1.9526,12.24
2015-10-06,1.4726,14.53
2015-10-07,1.5641,14.54
2015-10-08,1.5962,13.37
2015-10-09,2.3028,12.8
2015-10-10,2.8056,10.79
2015-10-11,3.1714,6.85
2015-10-12,2.3594,5.11
2015-10-13,2.0081,6.49
2015-10-14,0.8513,6.59
2015-10-15,0.967,7.38
2015-10-16,0.7841,8.5
2015-10-17,0.6852,9.28
2015-10-18,0.9562,10.01
2015-10-19,0.9682,11.09
2015-10-20,1.3817,10.34
2015-10-21,0.9698,10.3
2015-10-22,1.1174,12.11
2015-10-23,1.2149,11.33
2015-10-24,0.8227,10.78
2015-10-25,2.0035,10.33
2015-10-26,2.0177,9.99
2015-10-27,1.9819,10.76
2015-10-28,1.1544,10.33
2015-10-29,1.6819,10.36
2015-10-30,1.4801,10.01
2015-10-31,1.8929,9.48
2015-11-01,1.3282,7.81
2015-11-02,1.4741,8.32
2015-11-03,1.673,9.37
2015-11-04,0.7063,10.61
2015-11-05,0.8057,11.99
2015-11-06,0.517,13.83
2015-11-07,0.5599,14.5
2015-11-08,0.9984,12.45
2015-11-09,0.5378,12.59
2015-11-10,0.4656,13.76
2015-11-11,0.5587,12.39
2015-11-12,1.3514,12.25
2015-11-13,1.3505,11.07
2015-11-14,0.7404,9.85
2015-11-15,0.5143,13.29
2015-11-16,0.4188,11.53
2015-11-17,0.4793,12.32
2015-11-18,0.8165,12.03
2015-11-19,0.5952,10.87
2015-11-20,0.7877,7.84
2015-11-21,0.6638,5.6
2015-11-22,0.8741,4.95
2015-11-23,0.9629,5.13
2015-11-24,0.2354,4.03
2015-11-25,0.7246,6.59
2015-11-26,1.1734,5.7
2015-11-27,0.383,4.78
2015-11-28,0.863,6.61
2015-11-29,0.3317,9.88
2015-11-30,0.3278,8.5
2015-12-01,0.4284,8.08
2015-12-02,0.4306,9.33
2015-12-03,0.4843,8.43
2015-12-04,0.984,8.54
2015-12-05,0.4615,7.07
2015-12-06,0.3936,9.36
2015-12-07,0.5592,9.17
2015-12-08,0.6257,8.17
2015-12-09,1.0567,7.39
2015-12-10,0.5112,5.06
2015-12-11,0.3353,7.24
2015-12-12,0.4903,7.46
2015-12-13,0.6859,6.42
2015-12-14,0.4901,6.07
2015-12-15,0.7262,6.24
2015-12-16,0.3797,9.93
2015-12-17,0.5369,11.03
2015-12-18,0.558,9.84
2015-12-19,0.3739,10.37
2015-12-20,0.4258,10.03
2015-12-21,0.6324,9.42
2015-12-22,0.1752,10.8
2015-12-23,0.8674,9.29
2015-12-24,0.5614,8.75
2015-12-25,0.4565,8.43
2015-12-26,0.563,10.86
2015-12-27,0.2422,9.56
2015-12-28,0.7668,7.53
2015-12-29,0.294,6.29
2015-12-30,0.6866,6.31
2015-12-31,0.7769,6.99
2016-01-01,0.8081,5.93
2016-01-02,0.2369,3.85
2016-01-03,0.4649,5.43
2016-01-04,0.2729,3.93
2016-01-05,0.2782,5.31
2016-01-06,0.2993,1.52
2016-01-07,0.1759,4.66
2016-01-08,0.9485,5.44
2016-01-09,0.4706,4.31
2016-01-10,0.6578,5.74
2016-01-11,0.2045,4.51
2016-01-12,0.5585,5.48
2016-01-13,0.486,4.69
2016-01-14,0.6062,2.73
2016-01-15,0.4865,2.68
2016-01-16,0.8741,3.3
2016-01-17,1.2214,0.49
2016-01-18,1.0622,-1.95
2016-01-19,0.7318,0.19
2016-01-20,0.905,2.26
2016-01-21,0.5398,0.23
2016-01-22,1.02,0.95
2016-01-23,1.1333,4.91
2016-01-24,0.2923,5.69
2016-01-25,1.3406,8.2
2016-01-26,0.919,7.88
2016-01-27,0.2227,9.54
2016-01-28,1.6843,5.61
2016-01-29,0.439,7.19
2016-01-30,0.4399,6.52
2016-01-31,0.876,5.73
2016-02-01,0.8743,9.45
2016-02-02,1.0553,7.59
2016-02-03,1.1174,4.89
2016-02-04,0.7586,4.71
2016-02-05,0.5906,7.14
2016-02-06,0.6852,7.55
2016-02-07,1.4474,7.08
2016-02-08,0.9379,7.65
2016-02-09,0.4942,5.12
2016-02-10,1.1009,4.54
2016-02-11,1.847,3.68
2016-02-12,0.9439,2.43
2016-02-13,1.3865,1.89
2016-02-14,0.5597,2.28
2016-02-15,1.7527,2.4
2016-02-16,2.5505,1.04
2016-02-17,2.5109,-0.91
2016-02-18,0.9545,0.73
2016-02-19,2.2927,3.52
2016-02-20,0.8172,6.54
2016-02-21,0.5918,8.56
2016-02-22,0.9389,5.86
2016-02-23,2.1514,3.94
2016-02-24,1.9447,2.67
2016-02-25,2.0604,2.09
2016-02-26,1.3646,2.36
2016-02-27,2.993,1.51
2016-02-28,2.969,2.24
2016-02-29,2.8147,2.01
2016-03-01,1.0087,1.46
2016-03-02,2.159,4.62
2016-03-03,2.9074,3.24
2016-03-04,0.977,1.78
2016-03-05,2.6126,2.99
2016-03-06,2.0062,2.59
2016-03-07,3.2417,2.45
2016-03-08,2.2159,3.33
2016-03-09,2.417,3.17
2016-03-10,2.9683,3.07
2016-03-11,1.8062,3.31
2016-03-12,3.7414,3.02
2016-03-13,3.8722,2.85
2016-03-14,3.8266,3.38
2016-03-15,1.4995,5.32
2016-03-16,4.0159,4.17
2016-03-17,4.1239,4.03
2016-03-18,1.495,5.18
2016-03-19,2.0273,5.14
2016-03-20,1.7717,6.1
2016-03-21,1.704,6.37
2016-03-22,2.1312,6.75
2016-03-23,2.3532,6.69
2016-03-24,1.7474,6.73
2016-03-25,2.3506,6.42
2016-03-26,3.913,8.12
2016-03-27,3.8184,8.14
2016-03-28,3.1159,7.75
2016-03-29,3.3655,7.28
2016-03-30,3.8945,7.58
2016-03-31,3.6806,6.97
2016-04-01,4.7071,6.91
2016-04-02,3.0154,8.94
2016-04-03,4.1232,12.72
2016-04-04,2.8896,11.12
2016-04-05,2.7614,9.21
2016-04-06,2.1967,8.32
2016-04-07,3.216,6.84
2016-04-08,4.2523,7.65
2016-04-09,3.8594,8.61
2016-04-10,5.0189,9.67
2016-04-11,5.4216,11.03
2016-04-12,4.5938,11.15
2016-04-13,4.6807,10.15
2016-04-14,4.0094,10.26
2016-04-15,2.143,9.17
2016-04-16,3.1769,7.37
2016-04-17,5.0729,5.94
2016-04-18,4.3404,8.4
2016-04-19,5.353,8.73
2016-04-20,6.1214,8.0
2016-04-21,6.4728,8.6
2016-04-22,4.9534,7.87
2016-04-23,5.3215,5.79
2016-04-24,5.3676,5.07
2016-04-25,3.0852,5.09
2016-04-26,3.3461,5.17
2016-04-27,4.2134,5.28
2016-04-28,4.0577,5.01
2016-04-29,4.3937,6.68
2016-04-30,5.0616,7.19
2016-05-01,7.1129,8.35
2016-05-02,4.632,10.17
2016-05-03,6.5458,9.63
2016-05-04,6.1414,10.51
2016-05-05,6.9662,11.8
2016-05-06,6.793,15.05
2016-05-07,6.6362,17.36
2016-05-08,7.2751,17.38
2016-05-09,6.9547,17.48
2016-05-10,3.42,16.75
2016-05-11,5.7552,17.96
2016-05-12,6.623,17.58
2016-05-13,6.9708,13.79
2016-05-14,5.1336,8.65
2016-05-15,5.0638,8.67
2016-05-16,4.6591,9.4
2016-05-17,5.988,11.92
2016-05-18,3.5688,12.49
2016-05-19,5.454,13.56
2016-05-20,3.1274,12.66
2016-05-21,4.8113,15.51
2016-05-22,2.6539,14.33
2016-05-23,2.353,12.2
2016-05-24,3.9955,11.45
2016-05-25,2.9294,12.27
2016-05-26,6.295,13.76
2016-05-27,6.3346,14.44
2016-05-28,6.0912,16.44
2016-05-29,3.9031,15.51
2016-05-30,3.1579,15.81
2016-05-31,5.0878,18.12
2016-06-01,5.1161,17.47
2016-06-02,2.0042,15.11
2016-06-03,4.0889,17.95
2016-06-04,6.7675,19.51
2016-06-05,7.3625,17.65
2016-06-06,7.655,16.74
2016-06-07,6.4022,17.65
2016-06-08,5.0045,15.29
2016-06-09,7.5533,14.15
2016-06-10,6.0886,15.21
2016-06-11,4.0978,14.91
2016-06-12,4.039,16.27
2016-06-13,3.5364,15.39
2016-06-14,4.2946,15.23
2016-06-15,5.1319,14.37
2016-06-16,6.5189,15.6
2016-06-17,6.0307,15.19
2016-06-18,3.8568,13.96
2016-06-19,6.1116,14.94
2016-06-20,1.7585,15.06
2016-06-21,4.3946,16.88
2016-06-22,5.9918,18.85
2016-06-23,3.823,21.64
2016-06-24,4.7786,18.53
2016-06-25,4.1551,16.64
2016-06-26,6.1147,14.98
2016-06-27,4.0438,15.28
2016-06-28,4.5775,16.06
2016-06-29,5.4605,16.05
2016-06-30,3.2726,16.23
2016-07-01,2.0906,16.53
2016-07-02,6.7771,14.92
2016-07-03,7.2319,15.26
2016-07-04,7.0488,17.02
2016-07-05,3.479,15.22
2016-07-06,6.7519,14.84
2016-07-07,5.8277,16.87
2016-07-08,3.6506,16.7
2016-07-09,4.5439,17.9
2016-07-10,6.0014,19.37
2016-07-11,5.4043,17.62
2016-07-12,5.8891,16.76
2016-07-13,4.9152,15.02
2016-07-14,6.0689,14.83
2016-07-15,6.4958,16.23
2016-07-16,3.2659,18.85
2016-07-17,6.8366,18.56
2016-07-18,7.5775,19.5
2016-07-19,7.4573,21.32
2016-07-20,6.3667,22.32
2016-07-21,6.4222,20.86
2016-07-22,4.9087,19.41
2016-07-23,4.8468,20.18
2016-07-24,5.0376,20.08
2016-07-25,4.2708,18.84
2016-07-26,5.8368,19.46
2016-07-27,3.2246,18.07
2016-07-28,3.637,18.66
2016-07-29,4.1314,18.29
2016-07-30,4.8091,17.97
2016-07-31,5.1689,16.49
2016-08-01,5.7715,16.85
2016-08-02,2.7744,16.88
2016-08-03,3.2914,18.97
2016-08-04,4.596,17.64
2016-08-05,4.9632,17.33
2016-08-06,5.6146,17.25
2016-08-07,3.7205,18.65
2016-08-08,4.4777,16.85
2016-08-09,4.7136,14.7
2016-08-10,5.712,13.5
2016-08-11,2.1883,14.62
2016-08-12,3.355,18.65
2016-08-13,3.45,18.07
2016-08-14,4.5319,17.7
2016-08-15,5.6395,17.07
2016-08-16,4.8444,16.33
2016-08-17,6.48,17.22
2016-08-18,6.4159,17.05
2016-08-19,3.6859,18.11
2016-08-20,5.1847,17.99
2016-08-21,3.6182,16.89
2016-08-22,2.6006,18.21
2016-08-23,5.7058,20.8
2016-08-24,6.0396,21.75
2016-08-25,5.7053,23.02
2016-08-26,4.6718,20.51
2016-08-27,5.0501,20.11
2016-08-28,3.7022,19.87
2016-08-29,4.5425,17.66
2016-08-30,5.4245,18.15
2016-08-31,5.2738,17.83
2016-09-01,4.188,18.09
2016-09-02,3.2885,17.25
2016-09-03,4.0351,18.64
2016-09-04,3.1553,17.98
2016-09-05,4.4532,18.21
2016-09-06,3.3252,18.93
2016-09-07,4.8821,19.67
2016-09-08,4.9469,19.05
2016-09-09,4.6714,18.46
2016-09-10,4.3529,18.71
2016-09-11,3.6386,18.76
2016-09-12,4.3502,20.75
2016-09-13,4.3942,22.36
2016-09-14,4.4705,22.13
2016-09-15,4.135,20.89
2016-09-16,2.3678,17.97
2016-09-17,2.4672,17.66
2016-09-18,3.419,17.17
2016-09-19,2.4036,15.7
2016-09-20,3.0986,15.55
2016-09-21,2.6926,15.55
2016-09-22,2.2114,15.22
2016-09-23,3.4987,15.33
2016-09-24,3.9662,16.14
2016-09-25,3.5117,15.88
2016-09-26,2.251,15.85
2016-09-27,3.8482,15.48
2016-09-28,3.4586,17.6
2016-09-29,1.0493,16.51
2016-09-30,3.0146,14.64
2016-10-01,2.3174,13.62
2016-10-02,1.5581,13.2
2016-10-03,3.0271,14.57
2016-10-04,2.9681,13.05
2016-10-05,3.5186,10.3
2016-10-06,2.4554,10.63
2016-10-07,1.6438,12.16
2016-10-08,2.3458,10.58
2016-10-09,2.4096,9.7
2016-10-10,2.6311,9.49
2016-10-11,1.6656,10.4
2016-10-12,1.5355,9.47
2016-10-13,1.2132,8.74
2016-10-14,1.771,8.77
2016-10-15,1.0642,10.44
2016-10-16,2.6918,11.97
2016-10-17,2.0393,11.94
2016-10-18,0.8503,10.39
2016-10-19,1.8206,9.58
2016-10-20,1.0433,10.18
2016-10-21,1.6363,9.21
2016-10-22,1.9651,7.87
2016-10-23,2.0093,7.28
2016-10-24,1.0606,6.94
2016-10-25,1.0486,8.42
2016-10-26,1.133,9.57
2016-10-27,1.399,11.68
2016-10-28,0.6058,12.35
2016-10-29,2.0071,10.91
2016-10-30,1.2005,11.26
2016-10-31,1.9848,9.87
2016-11-01,0.8359,9.8
2016-11-02,1.5672,8.61
2016-11-03,1.1484,8.59
2016-11-04,0.7778,7.8
2016-11-05,1.033,6.96
2016-11-06,1.0966,7.85
2016-11-07,0.7994,4.78
2016-11-08,0.8568,2.73
2016-11-09,0.4169,2.76
2016-11-10,0.6307,3.06
2016-11-11,1.4513,2.71
2016-11-12,0.9197,1.93
2016-11-13,0.433,2.53
2016-11-14,0.4531,2.84
2016-11-15,0.372,10.59
2016-11-16,1.0015,10.89
2016-11-17,0.8726,8.61
2016-11-18,0.9086,6.25
2016-11-19,0.8664,5.49
2016-11-20,0.277,7.0
2016-11-21,0.4325,9.96
2016-11-22,1.0301,9.47
2016-11-23,0.4531,7.46
2016-11-24,1.0366,6.15
2016-11-25,1.236,3.22
2016-11-26,1.0433,2.77
2016-11-27,0.8839,6.36
2016-11-28,1.2602,0.76
2016-11-29,1.235,-0.86
2016-11-30,0.5275,5.12
2016-12-01,0.4294,7.51
2016-12-02,0.684,6.07
2016-12-03,0.7668,3.52
2016-12-04,1.111,0.03
2016-12-05,1.0663,-0.21
2016-12-06,0.9487,1.4
2016-12-07,0.4728,3.64
2016-12-08,0.4202,6.05
2016-12-09,0.2734,8.07
2016-12-10,0.1697,7.22
2016-12-11,0.4946,7.63
2016-12-12,0.5602,6.43
2016-12-13,0.2568,5.58
2016-12-14,0.4697,6.1
2016-12-15,0.2798,5.0
2016-12-16,0.5642,3.84
2016-12-17,0.2419,5.76
2016-12-18,0.5702,6.99
2016-12-19,0.6989,4.5
2016-12-20,0.5362,0.75
2016-12-21,0.3857,2.95
2016-12-22,0.5443,4.67
2016-12-23,0.4291,5.0
2016-12-24,0.6031,7.46
2016-12-25,0.3557,9.45
2016-12-26,0.7951,7.87
2016-12-27,0.923,6.12
2016-12-28,0.6209,3.06
2016-12-29,0.5455,0.04
2016-12-30,0.5885,1.45
2016-12-31,0.4075,3.64
2017-01-01,0.1447,1.59
2017-01-02,0.8191,3.71
2017-01-03,0.2935,5.38
2017-01-04,0.839,5.78
2017-01-05,1.0008,0.96
2017-01-06,0.8789,-1.79
2017-01-07,0.2206,2.29
2017-01-08,0.5153,4.28
2017-01-09,0.275,3.07
2017-01-10,0.7126,4.48
2017-01-11,0.9041,6.12
2017-01-12,0.4656,4.1
2017-01-13,0.8114,3.11
2017-01-14,0.7433,3.04
2017-01-15,0.6874,2.08
2017-01-16,0.9826,-0.98
2017-01-17,0.9122,-2.61
2017-01-18,0.707,-2.04
2017-01-19,1.3562,-0.41
2017-01-20,1.134,-1.36
2017-01-21,1.2211,-0.79
2017-01-22,1.3476,-0.87
2017-01-23,0.5419,1.67
2017-01-24,0.8986,1.39
2017-01-25,0.703,-1.2
2017-01-26,1.2317,-3.04
2017-01-27,1.1772,-0.69
2017-01-28,0.8419,2.76
2017-01-29,0.8402,2.02
2017-01-30,0.5213,2.01
2017-01-31,0.552,1.72
2017-02-01,0.8323,1.83
2017-02-02,1.2926,5.73
2017-02-03,1.231,5.76
2017-02-04,0.9684,4.06
2017-02-05,0.948,3.86
2017-02-06,0.5971,3.59
2017-02-07,0.4728,1.15
2017-02-08,0.5323,-0.32
2017-02-09,0.5858,-1.33
2017-02-10,0.5006,-1.62
2017-02-11,0.6036,-0.42
2017-02-12,1.1599,0.12
2017-02-13,2.022,0.57
2017-02-14,2.0765,1.17
2017-02-15,2.1278,3.94
2017-02-16,1.3654,4.66
2017-02-17,1.0154,5.38
2017-02-18,1.2761,3.46
2017-02-19,1.6366,5.1
2017-02-20,0.9576,7.13
2017-02-21,2.2495,7.05
2017-02-22,0.649,7.54
2017-02-23,1.159,6.77
2017-02-24,2.5915,4.31
2017-02-25,0.8482,4.71
2017-02-26,1.1618,7.36
2017-02-27,0.743,7.71
2017-02-28,1.7191,4.04
2017-03-01,2.3018,5.27
2017-03-02,1.6843,5.56
2017-03-03,1.3661,5.46
2017-03-04,1.5014,7.73
2017-03-05,2.4437,5.78
2017-03-06,2.3311,5.35
2017-03-07,1.8094,5.84
2017-03-08,0.912,5.21
2017-03-09,2.5056,6.4
2017-03-10,3.138,6.51
2017-03-11,2.207,6.31
2017-03-12,3.3631,7.18
2017-03-13,3.0319,6.36
2017-03-14,2.6837,7.41
2017-03-15,3.7814,8.13
2017-03-16,3.756,8.3
2017-03-17,2.772,6.78
2017-03-18,1.3483,8.22
2017-03-19,2.2248,9.54
2017-03-20,1.3342,9.52
2017-03-21,4.0495,6.55
2017-03-22,4.3934,6.22
2017-03-23,4.2,6.98
2017-03-24,4.3178,7.11
2017-03-25,4.5701,6.61
2017-03-26,3.9245,7.58
2017-03-27,4.6819,9.3
2017-03-28,4.5144,10.59
2017-03-29,2.1046,10.37
2017-03-30,3.7735,13.36
2017-03-31,3.4289,12.06
2017-04-01,2.4667,9.42
2017-04-02,4.7765,9.28
2017-04-03,3.0922,9.19
2017-04-04,4.7945,9.81
2017-04-05,4.1227,8.52
2017-04-06,3.5801,7.93
2017-04-07,4.513,9.76
2017-04-08,4.367,10.06
2017-04-09,5.6897,11.29
2017-04-10,4.4071,9.12
2017-04-11,4.7707,8.94
2017-04-12,1.8744,9.26
2017-04-13,4.5754,8.33
2017-04-14,2.7636,8.99
2017-04-15,4.0111,9.06
2017-04-16,3.8196,7.65
2017-04-17,5.3374,6.55
2017-04-18,5.1578,6.17
2017-04-19,4.6694,5.48
2017-04-20,4.9464,7.12
2017-04-21,2.7221,10.17
2017-04-22,4.4813,7.73
2017-04-23,4.2002,7.05
2017-04-24,2.8001,8.65
2017-04-25,5.2034,6.05
2017-04-26,5.2985,5.71
2017-04-27,4.4395,6.03
2017-04-28,4.7479,7.76
2017-04-29,5.5346,8.66
2017-04-30,6.091,10.68
2017-05-01,2.502,9.82
2017-05-02,3.1061,10.27
2017-05-03,2.6506,10.87
2017-05-04,3.2047,9.76
2017-05-05,2.3681,8.95
2017-05-06,5.8829,11.6
2017-05-07,4.463,10.77
2017-05-08,4.9253,9.68
2017-05-09,5.1406,8.6
2017-05-10,5.0923,9.53
2017-05-11,6.6017,13.57
2017-05-12,3.8568,14.63
2017-05-13,4.4501,13.97
2017-05-14,5.5596,13.11
2017-05-15,6.0317,14.09
2017-05-16,4.5749,16.89
2017-05-17,5.9827,18.69
2017-05-18,3.7459,14.29
2017-05-19,2.8512,12.37
2017-05-20,6.5345,12.89
2017-05-21,6.81,14.24
2017-05-22,6.8508,16.55
2017-05-23,6.7366,14.38
2017-05-24,5.4439,14.64
2017-05-25,7.849,16.12
2017-05-26,7.9956,18.2
2017-05-27,7.476,19.72
2017-05-28,7.1222,17.71
2017-05-29,5.8538,19.68
2017-05-30,3.6449,17.02
2017-05-31,6.8633,15.98
2017-06-01,7.512,16.39
2017-06-02,6.9427,18.8
2017-06-03,4.9164,17.17
2017-06-04,6.6758,15.36
2017-06-05,5.8183,16.77
2017-06-06,3.775,14.71
2017-06-07,3.0792,14.39
2017-06-08,4.5854,16.14
2017-06-09,4.9178,15.82
2017-06-10,6.1668,17.0
2017-06-11,6.3276,18.45
2017-06-12,5.291,15.84
2017-06-13,6.5172,15.99
2017-06-14,7.8394,17.57
2017-06-15,6.4471,18.19
2017-06-16,5.5032,15.67
2017-06-17,5.3174,17.91
2017-06-18,7.9013,20.75
2017-06-19,7.8773,22.48
2017-06-20,5.9414,19.49
2017-06-21,6.9134,19.45
2017-06-22,5.0424,20.26
2017-06-23,5.0597,17.91
2017-06-24,2.7511,17.58
2017-06-25,2.7314,17.38
2017-06-26,6.9998,15.72
2017-06-27,5.563,16.93
2017-06-28,2.3414,17.66
2017-06-29,3.8904,16.83
2017-06-30,3.9797,16.34
2017-07-01,3.5062,16.53
2017-07-02,5.2997,16.02
2017-07-03,5.2102,16.66
2017-07-04,6.1051,17.12
2017-07-05,6.2098,18.65
2017-07-06,5.771,19.18
2017-07-07,5.5284,19.46
2017-07-08,4.722,17.71
2017-07-09,7.3219,17.83
2017-07-10,4.6306,18.77
2017-07-11,4.6486,17.69
2017-07-12,4.2221,15.53
2017-07-13,5.736,16.14
2017-07-14,4.6716,15.8
2017-07-15,5.5452,17.23
2017-07-16,2.9143,18.57
2017-07-17,7.1568,17.83
2017-07-18,6.7116,18.57
2017-07-19,4.9442,20.59
2017-07-20,4.2902,19.23
2017-07-21,6.5042,17.83
2017-07-22,4.8626,19.2
2017-07-23,4.6985,16.43
2017-07-24,4.6577,15.82
2017-07-25,4.6411,16.9
2017-07-26,5.8363,18.5
2017-07-27,4.6776,17.46
2017-07-28,4.9891,17.61
2017-07-29,4.4359,18.59
2017-07-30,4.5425,18.69
2017-07-31,5.1792,18.0
2017-08-01,4.9752,18.25
2017-08-02,4.5958,18.44
2017-08-03,4.6889,18.62
2017-08-04,5.4742,17.88
2017-08-05,4.8718,16.88
2017-08-06,6.1214,16.87
2017-08-07,5.939,17.06
2017-08-08,1.8463,16.94
2017-08-09,5.1274,16.97
2017-08-10,4.5017,16.81
2017-08-11,4.4208,16.78
2017-08-12,3.5791,17.17
2017-08-13,5.4552,16.61
2017-08-14,5.2073,18.14
2017-08-15,2.2975,18.27
2017-08-16,4.5691,18.11
2017-08-17,1.7815,17.73
2017-08-18,3.4723,17.4
2017-08-19,4.9769,16.28
2017-08-20,4.6342,16.02
2017-08-21,4.9034,17.26
2017-08-22,4.9001,17.09
2017-08-23,4.5406,18.46
2017-08-24,4.5574,18.04
2017-08-25,4.7726,18.15
2017-08-26,3.8734,18.06
2017-08-27,5.3069,18.63
2017-08-28,5.1449,19.56
2017-08-29,4.5442,20.31
2017-08-30,1.2086,17.27
2017-08-31,3.774,15.56
2017-09-01,4.5739,15.63
2017-09-02,4.6123,15.36
2017-09-03,4.6133,15.63
2017-09-04,4.2077,16.57
2017-09-05,2.3206,18.34
2017-09-06,2.9918,16.03
2017-09-07,3.1433,16.08
2017-09-08,1.4323,15.6
2017-09-09,3.5189,14.23
2017-09-10,3.5323,14.72
2017-09-11,2.9148,15.0
2017-09-12,3.4147,14.61
2017-09-13,2.555,14.44
2017-09-14,1.8758,13.04
2017-09-15,3.5484,12.82
2017-09-16,2.5721,12.11
2017-09-17,2.9981,12.07
2017-09-18,3.0221,12.78
2017-09-19,3.4872,13.11
2017-09-20,2.993,14.03
2017-09-21,3.2309,13.53
2017-09-22,2.1631,13.67
2017-09-23,4.2494,13.3
2017-09-24,3.4531,13.58
2017-09-25,1.932,14.01
2017-09-26,1.6764,13.73
2017-09-27,2.7067,14.02
2017-09-28,1.8074,15.52
2017-09-29,1.9714,16.16
2017-09-30,1.422,13.66
2017-10-01,1.9601,13.15
2017-10-02,1.6903,15.11
2017-10-03,2.7091,13.7
2017-10-04,1.6841,13.26
2017-10-05,2.4886,13.27
2017-10-06,2.622,12.43
2017-10-07,0.7474,12.88
2017-10-08,2.0928,12.81
2017-10-09,1.1506,12.62
2017-10-10,1.195,13.77
2017-10-11,1.0603,14.5
2017-10-12,2.3299,13.19
2017-10-13,1.4789,14.46
2017-10-14,2.5195,14.77
2017-10-15,2.7893,14.6
2017-10-16,2.3666,16.35
2017-10-17,1.7304,13.43
2017-10-18,1.8605,12.99
2017-10-19,1.9058,14.82
2017-10-20,1.0111,13.47
2017-10-21,1.8449,12.73
2017-10-22,1.2754,11.79
2017-10-23,1.5269,12.56
2017-10-24,0.7375,14.49
2017-10-25,1.4158,13.55
2017-10-26,1.2991,12.72
2017-10-27,1.799,12.02
2017-10-28,0.7375,12.78
2017-10-29,1.6378,11.14
2017-10-30,1.7582,9.45
2017-10-31,0.8244,10.63
2017-11-01,1.141,11.84
2017-11-02,1.2122,10.35
2017-11-03,0.8923,9.36
2017-11-04,1.163,10.04
2017-11-05,1.0195,8.59
2017-11-06,1.6486,7.59
2017-11-07,1.8084,4.29
2017-11-08,0.5491,6.12
2017-11-09,0.9857,8.51
2017-11-10,0.9091,9.33
2017-11-11,0.9473,7.86
2017-11-12,0.6115,6.8
2017-11-13,1.2338,7.74
2017-11-14,0.4675,8.53
2017-11-15,0.5417,9.89
2017-11-16,0.4776,8.42
2017-11-17,1.2926,7.26
2017-11-18,0.7262,7.3
2017-11-19,1.0656,7.24
2017-11-20,0.2746,7.65
2017-11-21,0.2256,10.69
2017-11-22,0.8431,10.2
2017-11-23,0.5882,10.04
2017-11-24,0.7819,6.64
2017-11-25,0.6744,5.22
2017-11-26,0.6965,6.08
2017-11-27,0.3293,7.12
2017-11-28,0.7558,6.14
2017-11-29,0.6151,4.71
2017-11-30,0.6079,3.44
2017-12-01,0.7279,2.24
2017-12-02,0.5014,1.84
2017-12-03,0.5009,5.83
2017-12-04,0.6274,6.86
2017-12-05,0.3074,7.89
2017-12-06,0.2942,8.16
2017-12-07,0.1949,5.13
2017-12-08,0.3554,4.2
2017-12-09,0.3888,3.83
2017-12-10,0.1718,1.48
2017-12-11,0.1207,0.59
2017-12-12,0.6187,2.37
2017-12-13,0.2266,2.9
2017-12-14,0.5818,3.65
2017-12-15,0.3346,2.87
2017-12-16,0.7272,4.01
2017-12-17,0.8244,3.61
2017-12-18,0.5837,5.98
2017-12-19,0.4553,5.24
2017-12-20,0.3336,6.9
2017-12-21,0.4351,7.25
2017-12-22,0.4596,5.92
2017-12-23,0.1874,7.8
2017-12-24,0.3684,7.61
2017-12-25,0.3458,6.6
2017-12-26,0.6593,4.91
2017-12-27,0.2167,4.35
2017-12-28,0.5707,4.25
2017-12-29,0.312,3.27
2017-12-30,0.4358,6.84
2017-12-31,0.325,8.94
2018-01-01,0.6641,5.91
2018-01-02,0.6533,5.68
2018-01-03,0.3406,7.69
2018-01-04,0.3739,7.07
2018-01-05,0.4704,5.91
2018-01-06,0.5263,4.65
2018-01-07,1.164,0.8
2018-01-08,0.9348,-0.2
2018-01-09,0.5167,2.18
2018-01-10,0.2746,5.28
2018-01-11,0.5136,4.16
2018-01-12,0.4241,3.72
2018-01-13,0.366,3.0
2018-01-14,0.63,2.04
2018-01-15,0.2232,4.23
2018-01-16,0.8326,4.74
2018-01-17,0.6655,3.99
2018-01-18,0.7018,4.57
2018-01-19,0.9348,3.59
2018-01-20,0.4932,2.62
2018-01-21,1.0668,3.03
2018-01-22,0.7231,5.12
2018-01-23,0.51,6.43
2018-01-24,0.5798,9.65
2018-01-25,0.871,6.31
2018-01-26,0.8239,4.89
2018-01-27,0.7162,4.8
2018-01-28,0.798,8.22
2018-01-29,0.3689,7.71
2018-01-30,1.3356,4.35
2018-01-31,0.4056,5.69
2018-02-01,1.14,3.89
2018-02-02,1.218,4.15
2018-02-03,0.9576,2.33
2018-02-04,1.2742,1.62
2018-02-05,1.0927,0.97
2018-02-06,1.9085,-1.48
2018-02-07,1.7693,-0.6
2018-02-08,1.7947,0.73
2018-02-09,0.9276,0.04
2018-02-10,1.4364,2.32
2018-02-11,1.3586,3.38
2018-02-12,1.8209,2.58
2018-02-13,2.3028,1.17
2018-02-14,2.2642,0.49
2018-02-15,1.1064,2.95
2018-02-16,2.437,3.01
2018-02-17,1.9586,1.51
2018-02-18,2.3609,0.8
2018-02-19,0.9677,0.98
2018-02-20,1.2055,0.48
2018-02-21,2.3784,0.11
2018-02-22,2.6633,0.15
2018-02-23,2.5807,-0.3
2018-02-24,2.6196,-0.77
2018-02-25,2.9916,-2.14
2018-02-26,2.5274,-3.04
2018-02-27,2.5375,-3.11
2018-02-28,2.0417,-5.71
2018-03-01,2.0772,-5.06
2018-03-02,2.7163,-4.47
2018-03-03,1.5598,-2.72
2018-03-04,2.5358,1.92
2018-03-05,3.0725,3.46
2018-03-06,2.2262,3.79
2018-03-07,1.836,3.65
2018-03-08,1.8353,3.45
2018-03-09,2.9422,4.46
2018-03-10,2.0014,7.87
2018-03-11,1.4366,6.88
2018-03-12,2.2111,7.62
2018-03-13,1.3404,4.54
2018-03-14,3.372,5.17
2018-03-15,2.8284,5.35
2018-03-16,0.8138,2.4
2018-03-17,2.9707,-1.51
2018-03-18,3.6355,-1.29
2018-03-19,4.3553,-0.77
2018-03-20,4.614,2.82
2018-03-21,2.9045,3.09
2018-03-22,2.7818,5.18
2018-03-23,1.8046,5.1
2018-03-24,2.2298,5.89
2018-03-25,2.7926,5.55
2018-03-26,3.3185,5.2
2018-03-27,2.0126,4.57
2018-03-28,1.2655,4.97
2018-03-29,3.9437,5.61
2018-03-30,3.5479,7.21
2018-03-31,3.2266,6.98
2018-04-01,2.142,5.13
2018-04-02,2.1422,6.62
2018-04-03,3.1123,10.56
2018-04-04,2.921,8.99
2018-04-05,3.5878,5.84
2018-04-06,4.9908,7.0
2018-04-07,4.7326,11.41
2018-04-08,3.8976,12.11
2018-04-09,2.7228,9.92
2018-04-10,3.9883,13.32
2018-04-11,3.979,11.3
2018-04-12,2.0268,9.96
2018-04-13,3.0583,9.37
2018-04-14,2.3882,9.49
2018-04-15,2.7322,11.93
2018-04-16,5.4454,10.27
2018-04-17,5.0465,11.6
2018-04-18,6.125,14.97
2018-04-19,6.1073,17.35
2018-04-20,5.9743,15.45
2018-04-21,6.2184,13.65
2018-04-22,5.4038,14.87
2018-04-23,5.617,11.39
2018-04-24,3.203,11.36
2018-04-25,4.2101,10.61
2018-04-26,5.4394,9.8
2018-04-27,3.1529,10.0
2018-04-28,2.7446,11.28
2018-04-29,1.6639,9.71
2018-04-30,1.3301,9.73
2018-05-01,4.9474,8.08
2018-05-02,6.0166,10.33
2018-05-03,7.0714,9.84
2018-05-04,7.1414,10.93
2018-05-05,7.285,13.17
2018-05-06,7.2161,15.34
2018-05-07,7.3966,16.79
2018-05-08,7.2881,18.23
2018-05-09,6.4606,16.45
2018-05-10,4.1011,12.06
2018-05-11,6.6036,13.03
2018-05-12,5.5834,15.77
2018-05-13,2.7557,13.34
2018-05-14,6.7013,17.16
2018-05-15,7.1554,16.88
2018-05-16,4.489,14.09
2018-05-17,6.1337,10.65
2018-05-18,4.1938,10.29
2018-05-19,2.7281,11.78
2018-05-20,6.4464,15.32
2018-05-21,6.959,16.75
2018-05-22,5.7391,16.76
2018-05-23,4.7549,17.37
2018-05-24,4.897,17.13
2018-05-25,4.9649,18.97
2018-05-26,6.516,20.0
2018-05-27,5.9657,19.77
2018-05-28,6.863,21.15
2018-05-29,5.921,20.72
2018-05-30,5.6112,20.87
2018-05-31,4.3649,20.71
2018-06-01,4.0402,17.02
2018-06-02,2.0042,16.42
2018-06-03,5.7492,17.88
2018-06-04,3.863,17.12
2018-06-05,5.6842,16.08
2018-06-06,7.8948,19.0
2018-06-07,6.5914,20.45
2018-06-08,2.5944,17.71
2018-06-09,5.2728,18.56
2018-06-10,5.9198,17.2
2018-06-11,6.882,16.65
2018-06-12,3.3667,14.85
2018-06-13,5.3882,15.03
2018-06-14,3.523,15.64
2018-06-15,5.8918,17.81
2018-06-16,4.8773,16.59
2018-06-17,4.9445,15.77
2018-06-18,3.253,16.43
2018-06-19,3.7814,17.69
2018-06-20,5.0268,18.22
2018-06-21,5.8898,13.91
2018-06-22,4.0042,13.39
2018-06-23,5.3069,14.63
2018-06-24,4.4767,14.54
2018-06-25,5.9261,15.87
2018-06-26,7.3375,15.19
2018-06-27,6.7385,16.4
2018-06-28,7.5516,19.1
2018-06-29,7.9685,17.83
2018-06-30,7.9788,19.12
2018-07-01,8.1679,18.76
2018-07-02,8.304,18.35
2018-07-03,8.3018,17.87
2018-07-04,7.2245,17.32
2018-07-05,5.7842,17.52
2018-07-06,6.167,18.15
2018-07-07,6.4601,18.02
2018-07-08,7.807,18.15
2018-07-09,3.5558,17.12
2018-07-10,3.522,16.82
2018-07-11,5.6947,17.86
2018-07-12,6.9466,18.02
2018-07-13,6.4486,18.0
2018-07-14,7.7273,18.17
2018-07-15,7.7436,19.49
2018-07-16,7.025,21.21
2018-07-17,6.8438,19.24
2018-07-18,6.1248,19.4
2018-07-19,6.1884,19.42
2018-07-20,6.4385,19.58
2018-07-21,6.8496,20.52
2018-07-22,6.0998,20.0
2018-07-23,7.2461,21.96
2018-07-24,6.5398,23.23
2018-07-25,5.2666,23.18
2018-07-26,6.181,25.0
2018-07-27,6.0811,25.36
2018-07-28,4.6836,20.23
2018-07-29,4.1722,20.26
2018-07-30,4.6862,22.0
2018-07-31,5.8946,20.56
2018-08-01,6.1109,20.86
2018-08-02,6.6763,21.93
2018-08-03,6.8866,22.92
2018-08-04,5.2226,21.51
2018-08-05,6.6478,20.16
2018-08-06,6.5566,21.91
2018-08-07,6.1963,24.45
2018-08-08,3.2479,20.75
2018-08-09,2.4084,18.93
2018-08-10,4.7714,17.65
2018-08-11,5.7761,16.26
2018-08-12,4.3373,19.39
2018-08-13,2.627,18.2
2018-08-14,5.0498,18.52
2018-08-15,3.7538,19.38
2018-08-16,2.3426,19.09
2018-08-17,6.0912,18.35
2018-08-18,3.359,18.55
2018-08-19,2.1413,19.08
2018-08-20,3.7747,19.48
2018-08-21,4.3925,20.34
2018-08-22,4.4383,19.89
2018-08-23,2.2819,18.83
2018-08-24,4.3147,16.01
2018-08-25,4.1537,14.26
2018-08-26,4.0082,15.05
2018-08-27,3.005,17.24
2018-08-28,3.1944,17.76
2018-08-29,1.7227,15.69
2018-08-30,4.637,15.93
2018-08-31,4.1467,15.29
2018-09-01,5.3002,15.67
2018-09-02,4.9459,16.13
2018-09-03,2.8956,18.37
2018-09-04,3.3854,19.85
2018-09-05,2.2548,18.31
2018-09-06,1.4203,16.68
2018-09-07,3.9034,14.98
2018-09-08,3.1553,15.52
2018-09-09,3.5558,17.7
2018-09-10,2.4929,16.82
2018-09-11,2.2862,18.09
2018-09-12,1.7364,15.29
2018-09-13,4.704,15.08
2018-09-14,2.7706,14.7
2018-09-15,3.8318,15.51
2018-09-16,3.4267,15.69
2018-09-17,3.6506,17.28
2018-09-18,4.1256,17.91
2018-09-19,3.8642,18.56
2018-09-20,2.4406,18.84
2018-09-21,3.1397,15.42
2018-09-22,1.8739,13.61
2018-09-23,0.8846,11.36
2018-09-24,3.4786,11.88
2018-09-25,3.3182,12.24
2018-09-26,3.9454,14.04
2018-09-27,4.0622,15.45
2018-09-28,3.0041,12.81
2018-09-29,3.3415,12.16
2018-09-30,2.8001,12.04
2018-10-01,2.7065,11.04
2018-10-02,1.8053,12.78
2018-10-03,2.9395,13.08
2018-10-04,1.6663,14.85
2018-10-05,3.4558,14.37
2018-10-06,2.9177,13.71
2018-10-07,2.7672,11.72
2018-10-08,2.311,11.8
2018-10-09,3.0348,12.22
2018-10-10,3.1999,14.23
2018-10-11,2.562,16.09
2018-10-12,2.711,17.43
2018-10-13,2.8109,17.82
2018-10-14,2.6669,16.82
2018-10-15,2.435,16.13
2018-10-16,2.6506,16.34
2018-10-17,2.0962,14.56
2018-10-18,1.7402,12.43
2018-10-19,2.4202,9.93
2018-10-20,1.8926,11.63
2018-10-21,1.5547,12.3
2018-10-22,2.052,11.83
2018-10-23,0.9715,13.35
2018-10-24,1.6394,13.86
2018-10-25,0.8602,12.55
2018-10-26,0.8942,10.76
2018-10-27,1.7213,8.2
2018-10-28,2.2195,5.81
2018-10-29,0.9377,5.8
2018-10-30,0.5897,6.61
2018-10-31,1.7806,8.78
2018-11-01,0.9794,9.36
2018-11-02,1.6882,8.68
2018-11-03,1.6949,6.51
2018-11-04,1.4623,6.06
2018-11-05,0.8978,7.53
2018-11-06,1.5223,10.81
2018-11-07,1.0836,10.67
2018-11-08,1.8226,9.23
2018-11-09,1.1018,8.81
2018-11-10,0.703,10.77
2018-11-11,0.8208,10.27
2018-11-12,0.7493,9.28
2018-11-13,1.1791,9.26
2018-11-14,1.2756,8.31
2018-11-15,1.4417,6.36
2018-11-16,0.7315,3.87
2018-11-17,1.4182,3.92
2018-11-18,1.4508,2.74
2018-11-19,0.7906,5.06
2018-11-20,0.3902,3.2
2018-11-21,0.8539,2.56
2018-11-22,0.4085,2.45
2018-11-23,0.6787,2.41
2018-11-24,0.6698,2.24
2018-11-25,0.3794,3.58
2018-11-26,0.3391,4.19
2018-11-27,0.4966,3.09
2018-11-28,0.372,4.99
2018-11-29,0.2938,8.48
2018-11-30,0.8647,8.0
2018-12-01,0.5592,7.19
2018-12-02,0.4207,10.33
2018-12-03,0.7186,10.16
2018-12-04,1.0776,5.85
2018-12-05,0.2942,5.04
2018-12-06,0.3326,9.86
2018-12-07,0.216,9.54
2018-12-08,0.4296,9.09
2018-12-09,0.665,8.04
2018-12-10,0.7462,6.5
2018-12-11,0.7613,5.74
2018-12-12,0.5844,2.71
2018-12-13,0.852,1.53
2018-12-14,0.7572,0.55
2018-12-15,0.4246,-0.44
2018-12-16,0.263,1.09
2018-12-17,0.3101,4.56
2018-12-18,0.4848,3.95
2018-12-19,0.3655,5.79
2018-12-20,0.3175,6.6
2018-12-21,0.3278,8.44
2018-12-22,0.4308,8.11
2018-12-23,0.2153,6.55
2018-12-24,0.8376,5.38
2018-12-25,0.6866,5.18
2018-12-26,0.2606,4.96
2018-12-27,0.4399,2.72
2018-12-28,0.1699,5.6
2018-12-29,0.2623,8.02
2018-12-30,0.4138,7.28
2018-12-31,0.5076,8.04
2019-01-01,0.6511,7.52
2019-01-02,0.515,5.13
2019-01-03,0.7598,4.43
2019-01-04,0.1862,5.33
2019-01-05,0.3878,6.73
2019-01-06,0.5028,5.22
2019-01-07,0.3067,7.23
2019-01-08,0.6108,7.27
2019-01-09,0.967,5.13
2019-01-10,0.4373,3.88
2019-01-11,0.589,6.8
2019-01-12,0.335,6.73
2019-01-13,0.2714,8.07
2019-01-14,0.8935,4.93
2019-01-15,0.6043,6.0
2019-01-16,0.2794,5.8
2019-01-17,0.8148,4.39
2019-01-18,1.1465,1.35
2019-01-19,1.2588,-1.03
2019-01-20,1.3205,-1.15
2019-01-21,1.0526,1.21
2019-01-22,0.3562,-1.34
2019-01-23,0.5071,-1.48
2019-01-24,0.6612,-2.8
2019-01-25,0.3766,-0.02
2019-01-26,0.5964,5.85
2019-01-27,0.6643,5.23
2019-01-28,0.8705,4.16
2019-01-29,1.2456,1.94
2019-01-30,0.8918,0.05
2019-01-31,0.8366,-0.19
2019-02-01,0.4651,0.66
2019-02-02,0.5362,0.95
2019-02-03,1.7359,2.03
2019-02-04,0.5124,1.09
2019-02-05,0.9398,3.41
2019-02-06,0.5808,3.47
2019-02-07,1.6476,6.53
2019-02-08,0.5873,6.62
2019-02-09,1.5264,7.5
2019-02-10,0.7387,5.23
2019-02-11,2.0184,4.82
2019-02-12,1.7714,5.02
2019-02-13,0.923,5.22
2019-02-14,2.2882,4.56
2019-02-15,2.5903,5.3
2019-02-16,2.1151,5.67
2019-02-17,2.3294,6.47
2019-02-18,2.1782,6.29
2019-02-19,1.5718,6.24
2019-02-20,2.1067,6.32
2019-02-21,1.1419,6.64
2019-02-22,1.2216,8.03
2019-02-23,2.8344,6.26
2019-02-24,2.9318,6.25
2019-02-25,3.0936,9.07
2019-02-26,3.2071,9.65
2019-02-27,3.2556,7.7
2019-02-28,1.866,7.83
2019-03-01,1.3788,6.03
2019-03-02,2.1847,7.13
2019-03-03,0.7536,9.76
2019-03-04,2.2507,8.0
2019-03-05,2.7792,6.91
2019-03-06,1.1256,8.29
2019-03-07,2.3808,8.48
2019-03-08,2.8049,7.29
2019-03-09,1.9003,8.17
2019-03-10,0.8081,4.95
2019-03-11,2.2421,5.32
2019-03-12,1.315,6.04
2019-03-13,1.415,7.47
2019-03-14,1.5329,7.5
2019-03-15,2.1526,8.47
2019-03-16,1.075,8.67
2019-03-17,3.0098,7.03
2019-03-18,3.203,5.77
2019-03-19,3.6247,6.23
2019-03-20,2.2774,8.46
2019-03-21,1.8382,8.04
2019-03-22,2.9237,8.39
2019-03-23,2.7026,7.75
2019-03-24,4.1698,6.36
2019-03-25,3.2335,7.36
2019-03-26,2.6868,6.95
2019-03-27,3.6302,7.53
2019-03-28,2.213,8.59
2019-03-29,4.7717,9.64
2019-03-30,4.2566,9.94
2019-03-31,4.429,7.79
2019-04-01,5.149,6.99
2019-04-02,2.4845,9.08
2019-04-03,3.0542,6.56
2019-04-04,2.8008,5.81
2019-04-05,4.4753,7.54
2019-04-06,2.2205,9.51
2019-04-07,4.553,12.59
2019-04-08,4.9505,11.82
2019-04-09,5.2104,8.71
2019-04-10,5.9417,5.84
2019-04-11,4.1441,5.91
2019-04-12,4.0639,4.89
2019-04-13,4.2377,3.87
2019-04-14,5.1257,5.51
2019-04-15,5.4326,9.07
2019-04-16,5.5322,10.3
2019-04-17,3.179,11.43
2019-04-18,5.7545,13.31
2019-04-19,5.9779,14.12
2019-04-20,6.0888,13.95
2019-04-21,6.2352,13.27
2019-04-22,6.1577,14.74
2019-04-23,5.3657,14.03
2019-04-24,5.3885,15.41
2019-04-25,3.5189,12.69
2019-04-26,5.3186,12.15
2019-04-27,4.0601,10.2
2019-04-28,4.0841,9.59
2019-04-29,5.4634,10.28
2019-04-30,1.861,10.9
2019-05-01,3.1788,9.77
2019-05-02,3.3,10.28
2019-05-03,4.1928,8.18
2019-05-04,5.6935,7.0
2019-05-05,4.9848,7.94
2019-05-06,4.0121,7.89
2019-05-07,4.2082,8.99
2019-05-08,2.352,9.56
2019-05-09,5.8788,11.72
2019-05-10,5.3822,10.05
2019-05-11,6.7843,9.34
2019-05-12,6.3461,9.36
2019-05-13,7.4981,9.79
2019-05-14,7.147,10.68
2019-05-15,7.4623,11.42
2019-05-16,4.9111,11.94
2019-05-17,2.9026,12.25
2019-05-18,5.2646,14.12
2019-05-19,3.9466,14.05
2019-05-20,2.5214,13.54
2019-05-21,2.3472,12.25
2019-05-22,5.9206,13.0
2019-05-23,6.8285,14.62
2019-05-24,7.5307,13.71
2019-05-25,5.6633,13.45
2019-05-26,4.0925,15.04
2019-05-27,5.9969,13.66
2019-05-28,5.1778,11.92
2019-05-29,7.529,13.7
2019-05-30,4.7669,15.81
2019-05-31,6.0511,16.2
2019-06-01,7.0822,17.78
2019-06-02,6.9367,20.35
2019-06-03,4.573,15.83
2019-06-04,5.1468,17.96
2019-06-05,3.0857,16.43
2019-06-06,5.9189,15.08
2019-06-07,4.5086,15.83
2019-06-08,3.4054,14.44
2019-06-09,6.4502,15.33
2019-06-10,4.6063,16.89
2019-06-11,5.3381,15.61
2019-06-12,2.3508,14.78
2019-06-13,4.5926,14.83
2019-06-14,5.8351,16.46
2019-06-15,4.1352,16.26
2019-06-16,6.4207,16.57
2019-06-17,6.9468,18.8
2019-06-18,7.0423,19.28
2019-06-19,4.2242,18.93
2019-06-20,5.3782,16.71
2019-06-21,6.8674,16.01
2019-06-22,7.3452,16.95
2019-06-23,7.0457,20.88
2019-06-24,6.757,23.54
2019-06-25,6.6739,23.98
2019-06-26,4.6886,18.9
2019-06-27,5.7214,16.46
2019-06-28,7.0106,17.75
2019-06-29,8.2704,21.43
2019-06-30,6.9974,19.45
2019-07-01,6.5239,17.78
2019-07-02,7.4292,16.71
2019-07-03,6.5076,15.37
2019-07-04,7.4165,16.5
2019-07-05,7.044,17.64
2019-07-06,3.4226,16.18
2019-07-07,4.8449,14.72
2019-07-08,4.7518,14.4
2019-07-09,6.5609,15.61
2019-07-10,2.1026,15.6
2019-07-11,3.7258,17.69
2019-07-12,3.7356,17.23
2019-07-13,4.0699,16.82
2019-07-14,4.2134,15.96
2019-07-15,3.4877,15.74
2019-07-16,4.092,16.25
2019-07-17,6.5885,18.56
2019-07-18,4.025,18.37
2019-07-19,5.351,19.33
2019-07-20,3.5018,19.25
2019-07-21,6.6847,18.51
2019-07-22,6.3499,19.51
2019-07-23,7.4849,22.78
2019-07-24,6.6144,24.53
2019-07-25,6.4332,26.11
2019-07-26,6.3499,25.62
2019-07-27,5.3858,23.72
2019-07-28,4.1652,21.11
2019-07-29,6.565,20.64
2019-07-30,6.3643,21.84
2019-07-31,3.6857,18.53
2019-08-01,4.2346,18.8
2019-08-02,3.9226,19.08
2019-08-03,3.5762,18.92
2019-08-04,5.0566,20.34
2019-08-05,5.063,20.42
2019-08-06,5.5279,19.45
2019-08-07,5.7562,19.16
2019-08-08,6.0526,19.36
2019-08-09,1.9606,20.21
2019-08-10,4.956,20.07
2019-08-11,4.4866,18.93
2019-08-12,3.9722,16.69
2019-08-13,4.5732,15.83
2019-08-14,4.4297,16.84
2019-08-15,3.75,17.76
2019-08-16,4.2319,17.83
2019-08-17,3.7039,18.34
2019-08-18,3.3588,17.24
2019-08-19,5.1307,17.46
2019-08-20,5.1862,16.76
2019-08-21,5.1367,17.33
2019-08-22,5.7869,17.37
2019-08-23,5.58,19.13
2019-08-24,5.9422,20.49
2019-08-25,5.6729,22.18
2019-08-26,5.3086,23.28
2019-08-27,4.9615,24.61
2019-08-28,3.5818,21.63
2019-08-29,3.9506,18.94
2019-08-30,4.8146,18.56
2019-08-31,5.1072,20.44
2019-09-01,4.0272,16.83
2019-09-02,4.74,16.8
2019-09-03,3.1308,17.87
2019-09-04,1.8542,16.7
2019-09-05,3.6619,15.01
2019-09-06,2.3772,15.32
2019-09-07,3.45,14.58
2019-09-08,3.8124,14.55
2019-09-09,3.7438,14.75
2019-09-10,3.1634,14.98
2019-09-11,1.1976,15.59
2019-09-12,4.171,17.78
2019-09-13,3.9991,16.87
2019-09-14,4.6994,15.17
2019-09-15,3.641,16.32
2019-09-16,2.3222,14.12
2019-09-17,3.126,13.66
2019-09-18,3.2964,13.47
2019-09-19,2.9933,13.77
2019-09-20,3.5662,13.41
2019-09-21,4.4558,15.3
2019-09-22,3.8374,17.49
2019-09-23,2.6993,16.15
2019-09-24,1.4772,14.98
2019-09-25,1.6452,16.04
2019-09-26,1.1654,16.09
2019-09-27,2.4607,15.53
2019-09-28,2.3254,15.62
2019-09-29,1.2134,15.27
2019-09-30,3.0163,14.82
2019-10-01,2.0393,14.7
2019-10-02,2.7127,11.92
2019-10-03,2.6196,12.57
2019-10-04,1.0615,10.03
2019-10-05,2.5181,10.27
2019-10-06,0.8462,8.72
2019-10-07,1.5216,9.23
2019-10-08,1.4558,13.75
2019-10-09,1.0781,11.84
2019-10-10,2.2541,12.69
2019-10-11,0.655,14.4
2019-10-12,0.8976,12.73
2019-10-13,1.3877,14.87
2019-10-14,0.8462,13.53
2019-10-15,1.32,14.21
2019-10-16,1.2182,12.98
2019-10-17,1.7798,13.04
2019-10-18,1.3399,12.33
2019-10-19,1.5742,11.7
2019-10-20,1.1309,11.29
2019-10-21,0.9929,12.05
2019-10-22,1.4407,11.7
2019-10-23,1.5518,11.78
2019-10-24,1.4275,13.67
2019-10-25,1.5857,13.11
2019-10-26,1.319,14.78
2019-10-27,1.8048,10.32
2019-10-28,1.7964,9.33
2019-10-29,2.2296,7.96
2019-10-30,2.0988,5.72
2019-10-31,2.1682,4.63
2019-11-01,0.4433,6.79
2019-11-02,1.099,12.37
2019-11-03,0.9302,9.96
2019-11-04,0.8374,9.35
2019-11-05,0.9005,9.25
2019-11-06,1.2835,8.17
2019-11-07,0.5047,7.31
2019-11-08,1.5569,5.68
2019-11-09,0.829,7.13
2019-11-10,1.6229,4.58
2019-11-11,0.3509,5.43
2019-11-12,0.799,5.54
2019-11-13,0.9305,7.14
2019-11-14,0.6132,5.44
2019-11-15,0.3475,4.22
2019-11-16,0.4858,4.1
2019-11-17,1.2348,4.25
2019-11-18,0.4291,6.97
2019-11-19,0.995,6.19
2019-11-20,1.1899,2.24
2019-11-21,0.5726,2.83
2019-11-22,1.0061,5.64
2019-11-23,0.5242,5.21
2019-11-24,0.9221,6.15
2019-11-25,0.7937,6.47
2019-11-26,0.4315,8.31
2019-11-27,0.4282,9.11
2019-11-28,0.5232,8.69
2019-11-29,0.7889,5.91
2019-11-30,1.0846,4.48
2019-12-01,0.9089,2.19
2019-12-02,0.912,6.04
2019-12-03,0.7385,6.06
2019-12-04,1.0186,3.36
2019-12-05,0.5083,3.17
2019-12-06,0.1702,6.49
2019-12-07,0.4886,8.18
2019-12-08,0.6662,8.71
2019-12-09,0.5753,6.87
2019-12-10,0.6742,4.77
2019-12-11,0.6103,5.9
2019-12-12,0.8201,4.5
2019-12-13,0.1985,4.49
2019-12-14,0.6082,6.1
2019-12-15,0.6816,6.72
2019-12-16,0.3996,5.95
2019-12-17,0.3317,8.16
2019-12-18,0.6917,5.0
2019-12-19,0.504,8.23
2019-12-20,0.288,8.59
2019-12-21,0.395,6.6
2019-12-22,0.294,6.82
2019-12-23,0.5014,6.96
2019-12-24,0.3091,6.74
2019-12-25,0.6202,6.58
2019-12-26,0.371,4.83
2019-12-27,0.9732,2.41
2019-12-28,0.5458,0.66
2019-12-29,0.4781,1.83
2019-12-30,0.9919,3.49
2019-12-31,0.9065,4.88
2020-01-01,0.3835,0.89
2020-01-02,0.2712,2.78
2020-01-03,0.216,6.71
2020-01-04,0.4123,6.42
2020-01-05,0.2054,6.14
2020-01-06,0.5285,5.01
2020-01-07,0.6641,6.13
2020-01-08,0.4171,8.23
2020-01-09,0.1896,9.43
2020-01-10,0.6478,6.75
2020-01-11,0.5376,5.18
2020-01-12,0.4668,6.43
2020-01-13,0.889,6.32
2020-01-14,0.4814,9.05
2020-01-15,0.3082,8.3
2020-01-16,1.0308,6.34
2020-01-17,0.3588,6.94
2020-01-18,0.9413,5.24
2020-01-19,1.2055,5.08
2020-01-20,0.7094,4.33
2020-01-21,0.8318,3.66
2020-01-22,0.5035,5.12
2020-01-23,0.6571,4.24
2020-01-24,0.5242,2.3
2020-01-25,0.3022,1.72
2020-01-26,0.8237,4.46
2020-01-27,0.7546,6.68
2020-01-28,0.641,5.31
2020-01-29,0.8863,5.38
2020-01-30,0.9379,7.17
2020-01-31,0.5016,9.07
2020-02-01,1.1038,9.07
2020-02-02,0.5681,7.74
2020-02-03,1.0762,8.09
2020-02-04,0.8784,5.52
2020-02-05,1.7729,5.05
2020-02-06,1.2401,5.66
2020-02-07,1.9445,3.53
2020-02-08,0.6283,5.08
2020-02-09,0.5107,8.27
2020-02-10,1.1462,7.27
2020-02-11,1.2146,5.57
2020-02-12,1.3908,5.07
2020-02-13,0.8045,4.2
2020-02-14,1.2259,6.2
2020-02-15,1.1681,8.63
2020-02-16,0.5508,10.4
2020-02-17,1.6826,7.7
2020-02-18,1.6675,6.98
2020-02-19,1.6171,5.78
2020-02-20,1.1357,7.43
2020-02-21,1.2086,6.98
2020-02-22,1.0546,8.6
2020-02-23,0.9022,7.47
2020-02-24,0.4853,6.71
2020-02-25,1.8775,5.97
2020-02-26,1.8108,4.09
2020-02-27,0.8129,2.89
2020-02-28,1.5864,4.66
2020-02-29,1.5029,7.68
2020-03-01,2.4346,6.11
2020-03-02,0.8957,4.63
2020-03-03,2.7888,4.93
2020-03-04,2.7298,5.81
2020-03-05,1.5986,4.84
2020-03-06,1.8787,5.84
2020-03-07,3.0055,6.3
2020-03-08,1.523,7.68
2020-03-09,2.2603,7.07
2020-03-10,1.0639,8.96
2020-03-11,3.1625,9.18
2020-03-12,3.3386,7.99
2020-03-13,2.4396,6.42
2020-03-14,3.0362,6.71
2020-03-15,1.5242,8.74
2020-03-16,3.5779,7.38
2020-03-17,2.9148,7.56
2020-03-18,2.1163,8.11
2020-03-19,1.5794,7.64
2020-03-20,1.849,6.28
2020-03-21,4.2031,4.38
2020-03-22,4.6126,3.73
2020-03-23,4.8977,3.54
2020-03-24,4.7995,4.2
2020-03-25,4.9382,4.34
2020-03-26,4.8242,4.66
2020-03-27,4.4623,6.4
2020-03-28,4.399,6.64
2020-03-29,4.1441,4.12
2020-03-30,3.5724,4.61
2020-03-31,5.2999,3.97
2020-04-01,3.533,4.5
2020-04-02,3.6466,6.64
2020-04-03,3.3202,6.11
2020-04-04,5.1893,7.29
2020-04-05,5.5483,9.89
2020-04-06,4.5269,11.33
2020-04-07,5.2546,11.24
2020-04-08,4.9375,12.83
2020-04-09,5.3866,11.09
2020-04-10,5.3314,9.44
2020-04-11,5.5517,12.12
2020-04-12,4.1786,12.69
2020-04-13,4.35,7.13
2020-04-14,3.9602,6.57
2020-04-15,6.053,8.67
2020-04-16,5.7835,10.95
2020-04-17,5.9796,9.25
2020-04-18,4.2146,10.11
2020-04-19,6.385,10.26
2020-04-20,6.4896,10.28
2020-04-21,6.5198,11.42
2020-04-22,6.5618,12.66
2020-04-23,6.3146,13.54
2020-04-24,6.1296,10.78
2020-04-25,4.3608,9.04
2020-04-26,6.547,10.07
2020-04-27,6.1001,11.67
2020-04-28,1.3541,9.4
2020-04-29,3.1872,10.65
2020-04-30,5.8022,10.94
2020-05-01,4.2605,10.09
2020-05-02,4.9104,9.87
2020-05-03,5.119,11.22
2020-05-04,6.5508,10.26
2020-05-05,6.9307,8.86
2020-05-06,7.3469,9.95
2020-05-07,6.9703,11.67
2020-05-08,6.3842,14.99
2020-05-09,7.0135,15.93
2020-05-10,4.3212,11.53
2020-05-11,6.5263,7.95
2020-05-12,5.4002,8.38
2020-05-13,5.6482,7.66
2020-05-14,6.5191,7.84
2020-05-15,5.407,9.29
2020-05-16,5.3815,10.12
2020-05-17,7.0627,12.23
2020-05-18,6.5378,13.44
2020-05-19,6.3204,14.66
2020-05-20,5.9688,15.97
2020-05-21,6.9732,18.02
2020-05-22,4.1093,16.25
2020-05-23,6.6204,14.19
2020-05-24,2.6575,13.68
2020-05-25,6.9698,14.48
2020-05-26,7.3411,14.98
2020-05-27,7.2638,14.7
2020-05-28,7.8703,13.58
2020-05-29,7.9778,14.24
2020-05-30,7.6802,16.04
2020-05-31,7.4076,15.74
2020-06-01,6.6221,16.96
2020-06-02,7.056,18.51
2020-06-03,6.0278,16.72
2020-06-04,2.8102,12.55
2020-06-05,3.2534,10.46
2020-06-06,4.9901,11.68
2020-06-07,4.8365,12.87
2020-06-08,5.4223,13.78
2020-06-09,5.8531,12.39
2020-06-10,5.2157,14.08
2020-06-11,2.754,15.6
2020-06-12,6.2666,18.77
2020-06-13,7.2473,19.43
2020-06-14,3.9646,17.31
2020-06-15,6.0502,17.58
2020-06-16,3.4805,17.59
2020-06-17,6.101,18.45
2020-06-18,4.8794,17.72
2020-06-19,6.7327,17.35
2020-06-20,7.4686,17.26
2020-06-21,4.3769,17.75
2020-06-22,7.9625,17.37
2020-06-23,8.0251,19.34
2020-06-24,7.9706,21.07
2020-06-25,7.8374,21.98
2020-06-26,7.4345,22.52
2020-06-27,4.2514,20.49
2020-06-28,6.8794,17.07
2020-06-29,4.1918,16.39
2020-06-30,2.581,16.41
2020-07-01,5.0606,17.86
2020-07-02,5.4691,16.98
2020-07-03,5.2349,16.72
2020-07-04,1.8852,17.09
2020-07-05,4.7618,18.03
2020-07-06,5.4322,14.76
2020-07-07,5.0083,14.97
2020-07-08,2.5793,15.8
2020-07-09,1.872,16.68
2020-07-10,4.8828,14.83
2020-07-11,6.8369,14.9
2020-07-12,7.0265,15.9
2020-07-13,7.5288,17.23
2020-07-14,3.1435,15.79
2020-07-15,6.2184,16.07
2020-07-16,4.2725,16.34
2020-07-17,4.7292,18.34
2020-07-18,5.4816,19.2
2020-07-19,4.5557,17.72
2020-07-20,6.8753,15.85
2020-07-21,6.4745,15.41
2020-07-22,5.2291,15.96
2020-07-23,4.8972,17.84
2020-07-24,4.8744,17.9
2020-07-25,2.9539,18.57
2020-07-26,6.4214,18.02
2020-07-27,2.9801,18.62
2020-07-28,5.231,17.22
2020-07-29,4.7729,16.35
2020-07-30,6.4094,18.76
2020-07-31,6.9168,21.77
2020-08-01,4.6181,19.94
2020-08-02,6.2201,17.77
2020-08-03,3.8458,16.35
2020-08-04,6.5568,17.14
2020-08-05,7.0142,20.27
2020-08-06,6.595,21.97
2020-08-07,6.8292,24.04
2020-08-08,5.3498,24.29
2020-08-09,5.8286,23.56
2020-08-10,5.6563,24.19
2020-08-11,5.1715,24.92
2020-08-12,5.6827,25.15
2020-08-13,5.1922,24.73
2020-08-14,4.153,23.81
2020-08-15,4.0087,22.85
2020-08-16,4.9452,22.65
2020-08-17,3.4582,20.51
2020-08-18,4.8958,19.56
2020-08-19,4.8331,20.66
2020-08-20,4.1119,22.58
2020-08-21,5.9402,22.4
2020-08-22,4.3613,19.51
2020-08-23,3.7908,18.16
2020-08-24,4.3865,17.35
2020-08-25,1.7122,17.71
2020-08-26,2.1434,17.25
2020-08-27,2.6647,16.77
2020-08-28,3.445,17.04
2020-08-29,3.3806,15.94
2020-08-30,2.4614,16.27
2020-08-31,3.7723,15.41
2020-09-01,2.9777,15.61
2020-09-02,5.1938,16.05
2020-09-03,1.0745,16.52
2020-09-04,3.7471,17.27
2020-09-05,3.8753,14.99
2020-09-06,3.0439,14.56
2020-09-07,3.9214,16.3
2020-09-08,1.6922,17.81
2020-09-09,1.5569,17.2
2020-09-10,3.4104,15.51
2020-09-11,3.3938,15.15
2020-09-12,2.8224,15.94
2020-09-13,4.1969,17.46
2020-09-14,4.2787,19.01
2020-09-15,4.2209,21.85
2020-09-16,3.2498,18.16
2020-09-17,4.6061,14.79
2020-09-18,4.6138,14.1
2020-09-19,4.362,14.48
2020-09-20,4.345,14.22
2020-09-21,4.3104,15.69
2020-09-22,4.1743,16.64
2020-09-23,2.3539,16.95
2020-09-24,2.4442,14.75
2020-09-25,2.3501,12.18
2020-09-26,2.3069,13.31
2020-09-27,1.879,15.02
2020-09-28,0.8078,15.59
2020-09-29,2.3815,15.43
2020-09-30,1.8437,14.88
2020-10-01,0.9096,13.61
2020-10-02,2.3801,12.9
2020-10-03,0.7906,12.76
2020-10-04,1.8108,11.97
2020-10-05,0.8928,11.7
2020-10-06,1.619,13.22
2020-10-07,1.915,13.08
2020-10-08,0.9077,13.27
2020-10-09,1.655,11.83
2020-10-10,1.5161,9.85
2020-10-11,1.7599,10.73
2020-10-12,1.9661,11.05
2020-10-13,2.0568,9.69
2020-10-14,1.8358,10.12
2020-10-15,1.5749,9.7
2020-10-16,2.2524,8.77
2020-10-17,1.7198,9.75
2020-10-18,1.7398,9.83
2020-10-19,1.0889,9.62
2020-10-20,0.6782,10.73
2020-10-21,0.7622,13.99
2020-10-22,1.7407,12.76
2020-10-23,1.9106,12.15
2020-10-24,1.289,12.99
2020-10-25,0.6605,11.73
2020-10-26,1.4318,9.62
2020-10-27,0.8249,10.25
2020-10-28,1.3375,10.42
2020-10-29,1.1095,11.32
2020-10-30,0.6113,13.5
2020-10-31,1.0375,12.89
2020-11-01,0.8386,13.08
2020-11-02,0.9103,14.73
2020-11-03,1.4249,9.92
2020-11-04,1.8103,9.21
2020-11-05,1.2367,8.86
2020-11-06,1.6186,8.28
2020-11-07,1.5682,7.05
2020-11-08,1.3932,8.92
2020-11-09,1.2655,10.19
2020-11-10,1.0296,10.34
2020-11-11,0.7843,10.55
2020-11-12,0.9557,10.04
2020-11-13,0.653,8.88
2020-11-14,0.8738,10.53
2020-11-15,0.5057,11.6
2020-11-16,0.6043,10.33
2020-11-17,0.8402,11.56
2020-11-18,1.399,11.06
2020-11-19,0.8926,8.6
2020-11-20,0.7834,6.55
2020-11-21,0.3667,9.38
2020-11-22,0.9528,9.33
2020-11-23,1.2197,7.39
2020-11-24,0.5546,6.94
2020-11-25,0.8342,6.61
2020-11-26,0.3756,7.97
2020-11-27,0.571,6.08
2020-11-28,0.6787,5.17
2020-11-29,0.7488,1.32
2020-11-30,0.1709,4.55
2020-12-01,0.6648,7.91
2020-12-02,0.3907,5.2
2020-12-03,0.2398,4.86
2020-12-04,0.5297,4.49
2020-12-05,0.8357,2.16
2020-12-06,0.4889,2.61
2020-12-07,0.2988,4.91
2020-12-08,0.5755,2.17
2020-12-09,0.5705,1.71
2020-12-10,0.6583,1.81
2020-12-11,0.3067,1.66
2020-12-12,0.4934,4.65
2020-12-13,0.6173,5.64
2020-12-14,0.5093,7.37
2020-12-15,0.5064,7.1
2020-12-16,0.7123,5.89
2020-12-17,0.593,7.45
2020-12-18,0.751,6.47
2020-12-19,0.3338,7.0
2020-12-20,0.5398,7.13
2020-12-21,0.2093,7.22
2020-12-22,0.3254,9.19
2020-12-23,0.2806,8.8
2020-12-24,0.4855,5.07
2020-12-25,0.7932,4.43
2020-12-26,0.4735,5.25
2020-12-27,0.2484,4.63
2020-12-28,0.5165,3.29
2020-12-29,0.3319,3.38
2020-12-30,0.6346,4.45
2020-12-31,0.6799,3.04
2021-01-01,0.6902,3.6
2021-01-02,0.5966,4.44
2021-01-03,0.6125,2.78
2021-01-04,0.3816,2.89
2021-01-05,0.3283,2.77
2021-01-06,0.4862,2.06
2021-01-07,0.4615,3.03
2021-01-08,0.8314,2.69
2021-01-09,0.8714,2.64
2021-01-10,0.618,3.55
2021-01-11,0.2856,5.38
2021-01-12,0.9293,5.04
2021-01-13,0.8705,4.22
2021-01-14,0.8899,1.17
2021-01-15,0.3862,0.9
2021-01-16,0.2861,0.32
2021-01-17,0.8796,3.27
2021-01-18,0.5582,5.01
2021-01-19,0.3864,6.4
2021-01-20,0.7013,7.29
2021-01-21,0.942,6.69
2021-01-22,1.3579,4.18
2021-01-23,0.9444,3.18
2021-01-24,1.2106,2.27
2021-01-25,1.1434,2.79
2021-01-26,1.0735,3.76
2021-01-27,0.5453,4.33
2021-01-28,0.3506,3.06
2021-01-29,0.7231,5.43
2021-01-30,0.9096,0.01
2021-01-31,1.4494,-1.22
2021-02-01,0.7769,0.04
2021-02-02,0.6307,2.08
2021-02-03,0.2765,5.98
2021-02-04,1.0406,5.62
2021-02-05,0.7356,4.62
2021-02-06,0.5729,1.43
2021-02-07,0.4034,-3.89
2021-02-08,0.4366,-3.82
2021-02-09,1.2118,-1.95
2021-02-10,1.4398,-3.2
2021-02-11,1.8684,-3.2
2021-02-12,1.745,-5.18
2021-02-13,2.0472,-6.58
2021-02-14,1.4347,-3.32
2021-02-15,0.445,1.61
2021-02-16,1.205,3.65
2021-02-17,1.1995,5.41
2021-02-18,1.297,5.85
2021-02-19,1.9582,4.49
2021-02-20,2.0724,8.52
2021-02-21,2.3808,8.43
2021-02-22,1.4952,8.31
2021-02-23,1.68,9.85
2021-02-24,1.9063,10.69
2021-02-25,2.0539,8.36
2021-02-26,3.103,5.52
2021-02-27,2.2858,4.19
2021-02-28,2.8159,4.39
2021-03-01,2.5846,4.23
2021-03-02,2.9772,6.41
2021-03-03,1.5012,5.15
2021-03-04,1.0627,3.55
2021-03-05,3.2926,2.4
2021-03-06,2.2075,2.77
2021-03-07,1.4225,2.86
2021-03-08,1.7198,4.01
2021-03-09,1.3637,4.85
2021-03-10,1.0572,4.65
2021-03-11,1.3138,7.9
2021-03-12,1.6224,6.42
2021-03-13,1.747,6.34
2021-03-14,2.6299,6.36
2021-03-15,2.3969,6.06
2021-03-16,1.7657,4.7
2021-03-17,2.5589,4.37
2021-03-18,2.1996,4.76
2021-03-19,4.3466,4.22
2021-03-20,2.6942,4.66
2021-03-21,2.1468,6.13
2021-03-22,2.5368,5.49
2021-03-23,3.0516,6.12
2021-03-24,4.0128,6.46
2021-03-25,2.9688,7.34
2021-03-26,3.4505,8.66
2021-03-27,3.0998,5.87
2021-03-28,1.9399,7.69
2021-03-29,4.38,9.56
2021-03-30,5.1682,11.52
2021-03-31,4.6308,13.68
2021-04-01,4.5017,7.61
2021-04-02,2.4667,5.81
2021-04-03,3.5033,6.56
2021-04-04,2.7038,6.18
2021-04-05,3.7673,4.48
2021-04-06,3.5059,3.18
2021-04-07,3.233,4.31
2021-04-08,3.396,5.6
2021-04-09,2.9338,6.66
2021-04-10,2.0098,5.04
2021-04-11,4.4422,4.32
2021-04-12,4.4681,3.73
2021-04-13,5.1494,4.79
2021-04-14,4.7683,4.71
2021-04-15,4.361,5.07
2021-04-16,5.6561,6.38
2021-04-17,5.808,6.5
2021-04-18,5.6146,8.62
2021-04-19,4.7695,9.7
2021-04-20,5.0539,10.52
2021-04-21,5.0599,7.82
2021-04-22,4.8338,6.19
2021-04-23,6.366,7.28
2021-04-24,5.4492,7.13
2021-04-25,4.032,6.35
2021-04-26,6.3533,6.61
2021-04-27,6.3276,8.61
2021-04-28,5.3182,8.98
2021-04-29,1.597,7.27
2021-04-30,2.7415,7.96
2021-05-01,4.4832,7.04
2021-05-02,5.3503,6.74
2021-05-03,4.5802,9.0
2021-05-04,2.9738,8.79
2021-05-05,5.3081,7.01
2021-05-06,5.0402,6.35
2021-05-07,5.6398,7.13
2021-05-08,2.1386,9.26
2021-05-09,4.2958,14.94
2021-05-10,4.7182,14.5
2021-05-11,3.2155,13.28
2021-05-12,6.9859,12.0
2021-05-13,6.2921,11.94
2021-05-14,3.6708,10.07
2021-05-15,3.6514,10.59
2021-05-16,4.883,11.19
2021-05-17,4.6351,10.9
2021-05-18,5.9393,11.18
2021-05-19,4.8149,10.32
2021-05-20,4.9272,11.85
2021-05-21,4.1218,12.45
2021-05-22,3.3641,10.71
2021-05-23,4.9358,11.33
2021-05-24,3.9295,11.47
2021-05-25,4.5521,10.63
2021-05-26,4.3361,11.07
2021-05-27,3.7085,10.71
2021-05-28,7.1806,12.74
2021-05-29,6.2237,11.99
2021-05-30,7.319,13.21
2021-05-31,7.5826,15.19
2021-06-01,8.0868,17.04
2021-06-02,7.6411,18.74
2021-06-03,6.3168,17.89
2021-06-04,6.378,17.31
2021-06-05,2.4814,14.77
2021-06-06,7.5694,15.6
2021-06-07,7.8602,16.4
2021-06-08,7.5374,17.76
2021-06-09,7.4578,17.45
2021-06-10,7.5876,17.63
2021-06-11,5.2625,17.65
2021-06-12,6.6893,15.55
2021-06-13,8.2778,16.38
2021-06-14,7.9339,18.24
2021-06-15,7.3279,16.89
2021-06-16,7.5269,20.77
2021-06-17,5.7547,21.7
2021-06-18,4.7484,21.8
2021-06-19,3.0026,18.27
2021-06-20,4.476,17.64
2021-06-21,2.2442,14.5
2021-06-22,5.6698,14.11
2021-06-23,4.3106,14.32
2021-06-24,6.677,14.71
2021-06-25,3.4356,15.86
2021-06-26,4.7402,18.55
2021-06-27,6.4675,19.99
2021-06-28,3.9372,19.65
2021-06-29,1.7321,17.34
2021-06-30,1.6932,15.12
2021-07-01,3.9802,16.11
2021-07-02,5.8442,17.35
2021-07-03,4.3584,18.65
2021-07-04,5.2562,18.35
2021-07-05,4.842,17.59
2021-07-06,5.1578,17.8
2021-07-07,6.3252,17.72
2021-07-08,6.4946,17.87
2021-07-09,5.5042,17.88
2021-07-10,4.6207,17.62
2021-07-11,3.9122,18.78
2021-07-12,4.0944,19.37
2021-07-13,3.0838,18.55
2021-07-14,2.8404,18.77
2021-07-15,3.0914,18.59
2021-07-16,5.1005,17.36
2021-07-17,7.6498,18.75
2021-07-18,7.559,19.17
2021-07-19,5.9657,17.49
2021-07-20,6.8863,17.64
2021-07-21,6.4006,18.98
2021-07-22,6.8186,17.63
2021-07-23,3.7726,17.93
2021-07-24,3.3396,19.13
2021-07-25,4.609,20.22
2021-07-26,4.2614,19.69
2021-07-27,3.8978,18.51
2021-07-28,3.481,18.01
2021-07-29,6.3094,17.35
2021-07-30,3.2522,17.13
2021-07-31,4.3414,17.16
2021-08-01,3.9626,16.02
2021-08-02,5.2368,15.5
2021-08-03,4.4554,16.06
2021-08-04,5.4161,16.83
2021-08-05,5.3722,18.18
2021-08-06,4.2602,18.29
2021-08-07,4.5228,16.96
2021-08-08,5.1163,17.44
2021-08-09,3.5486,16.45
2021-08-10,5.1737,17.22
2021-08-11,5.4014,18.41
2021-08-12,5.6273,18.81
2021-08-13,4.5115,17.88
2021-08-14,5.0422,18.36
2021-08-15,5.6395,18.95
2021-08-16,3.6763,16.38
2021-08-17,1.8264,15.64
2021-08-18,2.7602,17.35
2021-08-19,1.5766,17.35
2021-08-20,3.762,18.26
2021-08-21,3.6463,18.94
2021-08-22,2.3335,18.06
2021-08-23,5.4444,18.3
2021-08-24,5.4341,17.53
2021-08-25,3.8587,16.92
2021-08-26,3.3761,16.57
2021-08-27,4.5055,16.85
2021-08-28,3.6895,17.04
2021-08-29,1.4494,16.75
2021-08-30,3.7627,17.51
2021-08-31,2.4749,16.36
2021-09-01,2.4595,16.31
2021-09-02,2.9158,15.96
2021-09-03,4.597,15.86
2021-09-04,4.7114,15.68
2021-09-05,5.1427,16.14
2021-09-06,4.0714,17.18
2021-09-07,4.4484,19.23
2021-09-08,4.8792,19.4
2021-09-09,4.1858,19.03
2021-09-10,2.5718,19.09
2021-09-11,2.1672,18.55
2021-09-12,3.4097,17.22
2021-09-13,2.8313,16.48
2021-09-14,3.4886,17.29
2021-09-15,1.8914,17.57
2021-09-16,3.6127,16.7
2021-09-17,2.7365,17.34
2021-09-18,3.1922,16.56
2021-09-19,3.2371,15.73
2021-09-20,3.2633,13.61
2021-09-21,3.3946,14.42
2021-09-22,3.7954,16.08
2021-09-23,2.2826,16.4
2021-09-24,3.3466,17.19
2021-09-25,2.003,18.38
2021-09-26,2.6647,17.65
2021-09-27,1.7782,15.48
2021-09-28,3.1853,14.93
2021-09-29,1.5305,13.14
2021-09-30,1.8358,13.21
2021-10-01,1.242,13.14
2021-10-02,1.6958,13.56
2021-10-03,1.1246,13.81
2021-10-04,3.0384,13.33
2021-10-05,1.8074,12.7
2021-10-06,2.4626,13.27
2021-10-07,2.8339,13.53
2021-10-08,3.1296,11.43
2021-10-09,2.9376,11.3
2021-10-10,2.2118,12.35
2021-10-11,2.2978,12.41
2021-10-12,2.2524,11.95
2021-10-13,1.8696,12.53
2021-10-14,1.5029,13.95
2021-10-15,2.4742,12.08
2021-10-16,1.6474,11.3
2021-10-17,1.2024,10.81
2021-10-18,1.3562,10.99
2021-10-19,0.9967,15.31
2021-10-20,1.0447,15.55
2021-10-21,1.2026,10.94
2021-10-22,1.2559,10.1
2021-10-23,1.1885,9.76
2021-10-24,2.5373,8.86
2021-10-25,0.9528,10.5
2021-10-26,1.1297,12.0
2021-10-27,1.0332,13.02
2021-10-28,2.2548,11.17
2021-10-29,1.801,11.77
2021-10-30,0.4409,11.6
2021-10-31,0.7596,11.05
2021-11-01,1.751,9.38
2021-11-02,0.6367,7.78
2021-11-03,1.2905,8.1
2021-11-04,1.1971,9.16
2021-11-05,1.2456,9.78
2021-11-06,0.6478,11.23
2021-11-07,1.1383,10.41
2021-11-08,1.0908,8.84
2021-11-09,0.7445,8.52
2021-11-10,0.7339,9.09
2021-11-11,0.6439,9.85
2021-11-12,0.7378,7.71
2021-11-13,0.9197,10.39
2021-11-14,0.569,8.37
2021-11-15,0.265,6.92
2021-11-16,0.1882,5.04
2021-11-17,1.0766,9.31
2021-11-18,0.9948,10.15
2021-11-19,1.0541,10.86
2021-11-20,0.2952,9.88
2021-11-21,1.0826,8.7
2021-11-22,1.2274,5.87
2021-11-23,0.8904,7.77
2021-11-24,0.5359,6.53
2021-11-25,0.809,7.0
2021-11-26,0.3514,5.64
2021-11-27,0.419,3.29
2021-11-28,0.4061,4.52
2021-11-29,0.8225,5.8
2021-11-30,0.2765,8.79
2021-12-01,0.4663,7.97
2021-12-02,0.7212,4.24
2021-12-03,0.3722,4.28
2021-12-04,0.127,4.84
2021-12-05,0.3523,4.43
2021-12-06,0.3482,2.67
2021-12-07,0.7702,4.19
2021-12-08,0.7051,4.49
2021-12-09,0.4282,4.09
2021-12-10,0.4382,2.57
2021-12-11,0.732,4.32
2021-12-12,0.3701,7.51
2021-12-13,0.421,8.03
2021-12-14,0.3468,8.48
2021-12-15,0.397,8.18
2021-12-16,0.8074,7.28
2021-12-17,0.3574,7.59
2021-12-18,0.4579,6.54
2021-12-19,0.2518,6.35
2021-12-20,0.5575,3.45
2021-12-21,0.9768,-0.32
2021-12-22,0.6854,-0.36
2021-12-23,0.2712,2.59
2021-12-24,0.3936,6.25
2021-12-25,0.9588,-2.35
2021-12-26,0.7678,-1.23
2021-12-27,0.4346,3.67
2021-12-28,0.3449,7.25
2021-12-29,0.2414,8.07
2021-12-30,0.5076,9.94
2021-12-31,0.3569,9.75
2022-01-01,0.5006,9.23
2022-01-02,0.5316,9.58
2022-01-03,0.8683,8.51
2022-01-04,0.475,5.86
2022-01-05,0.5129,5.59
2022-01-06,0.8323,4.31
2022-01-07,0.745,3.74
2022-01-08,0.318,3.63
2022-01-09,0.7457,5.13
2022-01-10,0.8722,2.32
2022-01-11,0.7445,2.39
2022-01-12,0.8945,5.23
2022-01-13,0.7591,6.16
2022-01-14,0.4274,6.21
2022-01-15,0.4097,3.35
2022-01-16,0.5294,5.63
2022-01-17,0.8441,6.25
2022-01-18,0.6977,4.0
2022-01-19,0.4577,4.73
2022-01-20,1.0387,4.37
2022-01-21,0.6694,4.96
2022-01-22,0.4598,5.81
2022-01-23,0.587,5.11
2022-01-24,0.4272,3.25
2022-01-25,0.3113,2.18
2022-01-26,0.6449,4.35
2022-01-27,0.7966,6.69
2022-01-28,1.367,5.49
2022-01-29,1.0656,8.04
2022-01-30,1.32,5.52
2022-01-31,0.5899,5.84
2022-02-01,0.7817,6.66
2022-02-02,1.4244,7.12
2022-02-03,0.5854,6.85
2022-02-04,0.5304,5.95
2022-02-05,1.4508,6.19
2022-02-06,0.6775,7.14
2022-02-07,1.6745,5.76
2022-02-08,1.4261,8.0
2022-02-09,0.8182,7.29
2022-02-10,1.2698,6.01
2022-02-11,1.7299,4.63
2022-02-12,2.0038,2.3
2022-02-13,1.4177,4.14
2022-02-14,1.4854,7.96
2022-02-15,1.4434,6.45
2022-02-16,0.7236,9.46
2022-02-17,2.3028,7.88
2022-02-18,0.7774,7.42
2022-02-19,1.6838,5.52
2022-02-20,0.4097,7.4
2022-02-21,1.105,5.93
2022-02-22,0.9259,6.7
2022-02-23,2.9114,6.74
2022-02-24,0.9662,5.98
2022-02-25,2.2322,5.33
2022-02-26,2.9878,3.83
2022-02-27,3.2561,3.43
2022-02-28,3.1565,3.63
2022-03-01,0.965,3.8
2022-03-02,2.9808,5.04
2022-03-03,3.2918,3.78
2022-03-04,3.4298,2.8
2022-03-05,3.2887,1.95
2022-03-06,3.3134,2.98
2022-03-07,3.5345,2.97
2022-03-08,3.6602,3.34
2022-03-09,3.6991,4.6
2022-03-10,3.5323,6.31
2022-03-11,3.5801,7.51
2022-03-12,2.8625,8.7
2022-03-13,3.036,9.44
2022-03-14,2.981,7.71
2022-03-15,2.6467,7.73
2022-03-16,2.5663,8.4
2022-03-17,4.0726,7.53
2022-03-18,4.1549,7.78
2022-03-19,4.4837,7.27
2022-03-20,2.1739,4.7
2022-03-21,4.2634,7.43
2022-03-22,4.0186,10.55
2022-03-23,4.283,10.39
2022-03-24,4.2799,9.32
2022-03-25,4.3423,8.29
2022-03-26,4.6865,8.89
2022-03-27,4.8518,8.52
2022-03-28,2.7564,7.67
2022-03-29,3.5359,7.66
2022-03-30,3.0113,5.35
2022-03-31,1.2816,3.45
2022-04-01,3.6494,3.22
2022-04-02,4.1047,3.46
2022-04-03,3.9766,3.97
2022-04-04,1.0354,7.19
2022-04-05,1.8444,9.03
2022-04-06,2.233,9.21
2022-04-07,2.915,8.5
2022-04-08,3.9082,6.34
2022-04-09,4.0378,6.0
2022-04-10,5.2812,6.53
2022-04-11,4.8886,8.31
2022-04-12,4.1237,11.64
2022-04-13,3.2417,11.65
2022-04-14,5.3525,11.07
2022-04-15,3.407,9.28
2022-04-16,5.6923,10.03
2022-04-17,6.3994,9.95
2022-04-18,5.9496,11.82
2022-04-19,5.6006,11.57
2022-04-20,6.2167,10.6
2022-04-21,5.9294,11.17
2022-04-22,5.6849,12.19
2022-04-23,5.8202,12.29
2022-04-24,6.2794,10.88
2022-04-25,2.2946,9.45
2022-04-26,5.8968,8.91
2022-04-27,3.6715,8.73
2022-04-28,4.5593,9.09
2022-04-29,3.5323,8.54
2022-04-30,4.0531,9.5
2022-05-01,5.3081,9.72
2022-05-02,6.6394,10.24
2022-05-03,3.1968,10.04
2022-05-04,5.7521,10.38
2022-05-05,5.2858,12.71
2022-05-06,6.378,13.31
2022-05-07,4.8641,12.59
2022-05-08,7.2955,10.86
2022-05-09,7.1333,13.56
2022-05-10,3.2201,14.76
2022-05-11,5.3506,14.42
2022-05-12,7.1292,13.55
2022-05-13,5.8886,13.54
2022-05-14,7.1383,14.42
2022-05-15,6.8995,15.73
2022-05-16,4.4095,16.04
2022-05-17,5.2944,17.98
2022-05-18,5.8601,17.53
2022-05-19,3.4858,16.64
2022-05-20,2.9722,14.08
2022-05-21,5.515,14.09
2022-05-22,6.9218,15.53
2022-05-23,2.7888,15.75
2022-05-24,5.4667,13.49
2022-05-25,5.2159,14.23
2022-05-26,5.711,15.42
2022-05-27,6.5969,13.35
2022-05-28,6.888,12.01
2022-05-29,4.1614,10.99
2022-05-30,5.9165,11.46
2022-05-31,5.1619,13.27
2022-06-01,6.0228,12.4
2022-06-02,7.4758,13.96
2022-06-03,7.6733,15.47
2022-06-04,5.6834,15.24
2022-06-05,1.7974,16.38
2022-06-06,2.9496,14.35
2022-06-07,4.6555,14.68
2022-06-08,2.7761,15.27
2022-06-09,8.0045,15.67
2022-06-10,5.1775,16.65
2022-06-11,7.9723,16.8
2022-06-12,7.7004,16.34
2022-06-13,6.8923,14.56
2022-06-14,6.5796,15.66
2022-06-15,7.9063,17.05
2022-06-16,7.7573,18.09
2022-06-17,6.8645,20.31
2022-06-18,6.1159,18.06
2022-06-19,4.019,15.03
2022-06-20,7.4758,15.4
2022-06-21,7.1002,16.4
2022-06-22,8.4074,17.8
2022-06-23,7.2809,20.72
2022-06-24,4.6358,19.67
2022-06-25,4.5331,18.63
2022-06-26,5.5231,18.24
2022-06-27,2.5879,17.53
2022-06-28,7.549,18.37
2022-06-29,6.7308,20.54
2022-06-30,5.7336,18.08
2022-07-01,6.5554,17.14
2022-07-02,6.4406,18.46
2022-07-03,5.8718,17.71
2022-07-04,7.3598,17.57
2022-07-05,6.3168,16.62
2022-07-06,5.2956,16.63
2022-07-07,4.0709,17.24
2022-07-08,6.7982,18.16
2022-07-09,5.6695,17.38
2022-07-10,4.5713,17.4
2022-07-11,5.3294,18.22
2022-07-12,5.635,20.43
2022-07-13,7.1609,19.63
2022-07-14,6.1445,17.12
2022-07-15,5.9748,17.14
2022-07-16,7.1868,16.73
2022-07-17,7.091,18.87
2022-07-18,6.9986,23.15
2022-07-19,7.277,24.99
2022-07-20,5.5942,21.5
2022-07-21,1.4981,18.88
2022-07-22,3.7766,17.06
2022-07-23,6.5731,19.32
2022-07-24,6.8002,22.19
2022-07-25,4.4645,20.33
2022-07-26,4.535,17.13
2022-07-27,5.8586,16.85
2022-07-28,6.1236,17.43
2022-07-29,5.934,17.93
2022-07-30,5.0827,18.85
2022-07-31,2.0148,19.11
2022-08-01,6.275,18.03
2022-08-02,5.4343,20.02
2022-08-03,5.6486,21.65
2022-08-04,5.6074,20.7
2022-08-05,5.142,17.34
2022-08-06,6.2654,16.79
2022-08-07,6.4666,17.78
2022-08-08,5.2447,18.72
2022-08-09,6.8395,19.42
2022-08-10,6.7697,20.86
2022-08-11,6.6698,21.92
2022-08-12,6.4649,22.43
2022-08-13,6.4471,22.57
2022-08-14,5.8418,23.32
2022-08-15,3.6924,22.87
2022-08-16,4.4928,21.67
2022-08-17,1.2413,20.28
2022-08-18,4.7222,20.45
2022-08-19,4.133,20.62
2022-08-20,5.5997,19.44
2022-08-21,4.9123,19.11
2022-08-22,5.574,19.99
2022-08-23,4.7722,21.32
2022-08-24,5.1859,23.03
2022-08-25,4.801,23.54
2022-08-26,3.107,19.46
2022-08-27,4.1026,18.07
2022-08-28,5.2298,17.69
2022-08-29,3.5633,18.49
2022-08-30,5.2925,18.4
2022-08-31,5.4838,18.14
2022-09-01,5.4142,18.16
2022-09-02,4.5893,18.72
2022-09-03,5.171,19.24
2022-09-04,3.9516,20.87
2022-09-05,4.3279,21.8
2022-09-06,4.385,21.1
2022-09-07,4.3831,19.91
2022-09-08,3.3787,18.43
2022-09-09,2.3369,16.82
2022-09-10,3.9756,17.55
2022-09-11,4.369,18.41
2022-09-12,4.1018,18.67
2022-09-13,4.0776,17.83
2022-09-14,3.2621,16.61
2022-09-15,2.9477,15.65
2022-09-16,3.4855,14.1
2022-09-17,3.595,14.13
2022-09-18,1.4736,13.62
2022-09-19,3.1975,13.95
2022-09-20,3.0274,13.87
2022-09-21,3.931,13.86
2022-09-22,3.8186,13.51
2022-09-23,1.3296,14.87
2022-09-24,2.7766,14.13
2022-09-25,3.0605,13.14
2022-09-26,1.5353,13.29
2022-09-27,1.692,11.51
2022-09-28,2.8133,11.95
2022-09-29,3.4435,12.32
2022-09-30,3.097,13.17
2022-10-01,2.9933,14.71
2022-10-02,3.0281,14.16
2022-10-03,2.5822,13.58
2022-10-04,2.8531,14.47
2022-10-05,1.5144,16.28
2022-10-06,3.4205,13.97
2022-10-07,2.2483,13.73
2022-10-08,2.9693,12.73
2022-10-09,3.2069,11.47
2022-10-10,1.2559,11.5
2022-10-11,2.8231,12.27
2022-10-12,2.7086,11.05
2022-10-13,1.2166,12.69
2022-10-14,1.0807,12.79
2022-10-15,1.2139,13.86
2022-10-16,2.5121,14.36
2022-10-17,0.7111,15.05
2022-10-18,2.7938,13.04
2022-10-19,2.4439,11.08
2022-10-20,0.4937,11.82
2022-10-21,1.6066,13.96
2022-10-22,1.8766,13.82
2022-10-23,0.9602,14.1
2022-10-24,1.5331,14.81
2022-10-25,1.6865,13.8
2022-10-26,1.8022,14.4
2022-10-27,1.2734,15.38
2022-10-28,1.3284,15.43
2022-10-29,1.3296,15.09
2022-10-30,1.3654,14.94
2022-10-31,1.4837,13.02
2022-11-01,1.6294,14.25
2022-11-02,1.7378,12.72
2022-11-03,0.9396,12.52
2022-11-04,1.3212,10.61
2022-11-05,0.9866,10.2
2022-11-06,0.4478,9.6
2022-11-07,0.8311,11.94
2022-11-08,1.1878,12.17
2022-11-09,0.9079,11.7
2022-11-10,0.809,11.36
2022-11-11,0.9658,9.49
2022-11-12,1.3586,9.4
2022-11-13,1.4546,9.23
2022-11-14,1.2864,6.58
2022-11-15,1.1038,9.79
2022-11-16,1.1959,10.04
2022-11-17,0.3912,9.97
2022-11-18,0.613,7.67
2022-11-19,1.308,0.88
2022-11-20,0.4716,0.6
2022-11-21,0.7032,3.43
2022-11-22,0.5633,6.05
2022-11-23,0.8534,7.53
2022-11-24,1.0886,8.5
2022-11-25,1.1088,8.32
2022-11-26,0.773,7.22
2022-11-27,0.2671,6.08
2022-11-28,0.4606,8.21
2022-11-29,0.6511,7.59
2022-11-30,0.6917,6.26
2022-12-01,0.8546,5.1
2022-12-02,0.5597,2.5
2022-12-03,0.3727,1.64
2022-12-04,0.2333,1.3
2022-12-05,0.3732,5.34
2022-12-06,0.6362,5.26
2022-12-07,0.6319,5.13
2022-12-08,0.6382,3.6
2022-12-09,0.6888,0.13
2022-12-10,0.45,1.04
2022-12-11,0.4774,0.69
2022-12-12,0.8477,-1.48
2022-12-13,0.9211,-1.46
2022-12-14,0.9679,-1.11
2022-12-15,0.8196,2.14
2022-12-16,0.7788,0.37
2022-12-17,0.72,-2.13
2022-12-18,0.4303,-2.89
2022-12-19,0.3444,4.45
2022-12-20,0.2155,6.42
2022-12-21,0.5429,5.47
2022-12-22,0.6847,6.77
2022-12-23,0.4553,6.69
2022-12-24,0.6535,7.14
2022-12-25,0.2698,6.79
2022-12-26,0.7092,6.18
2022-12-27,0.569,5.4
2022-12-28,0.2765,8.13
2022-12-29,0.6814,8.42
2022-12-30,0.3494,7.24
2022-12-31,0.2966,11.63
